CREATE TABLE `cu_countries` (
  `id` int(11) NOT NULL AUTO_INCREMENT,
  `code` varchar(2) NOT NULL DEFAULT '',
  `name` varchar(100) NOT NULL DEFAULT '',
  `default_language` varchar(10) NOT NULL DEFAULT '',
  `available_languages` varchar(255) NOT NULL DEFAULT '',
  `enabled` int(11) NOT NULL DEFAULT '1',
  PRIMARY KEY (`id`),
  UNIQUE KEY `unique` (`code`)
) ENGINE=InnoDB AUTO_INCREMENT=4 DEFAULT CHARSET=utf8;

INSERT INTO `cu_countries` VALUES (3,'us','Unites States','','',1);
CREATE TABLE `cu_language_rich_content` (
  `id` int(11) NOT NULL AUTO_INCREMENT,
  `label` varchar(255) DEFAULT NULL,
  `language` varchar(10) NOT NULL DEFAULT '',
  `content` text,
  PRIMARY KEY (`id`),
  UNIQUE KEY `unique` (`label`,`language`)
) ENGINE=InnoDB DEFAULT CHARSET=utf8;

CREATE TABLE `cu_menu_item_type` (
  `id` int(11) NOT NULL AUTO_INCREMENT,
  `name` varchar(45) DEFAULT NULL,
  PRIMARY KEY (`id`),
  UNIQUE KEY `unique` (`name`)
) ENGINE=InnoDB AUTO_INCREMENT=8 DEFAULT CHARSET=utf8;

INSERT INTO `cu_menu_item_type` VALUES (1,'None');
INSERT INTO `cu_menu_item_type` VALUES (2,'Auto administrate');
INSERT INTO `cu_menu_item_type` VALUES (3,'Personalized component');
INSERT INTO `cu_menu_item_type` VALUES (4,'URL');
INSERT INTO `cu_menu_item_type` VALUES (5,'JS function');
INSERT INTO `cu_menu_item_type` VALUES (6,'Auto');
INSERT INTO `cu_menu_item_type` VALUES (7,'Other menu item');
CREATE TABLE `cu_menu_items` (
  `id` int(11) NOT NULL AUTO_INCREMENT,
  `title` varchar(255) NOT NULL,
  `alias` varchar(255) NOT NULL,
  `title_tab` varchar(255) NOT NULL DEFAULT '',
  `image` varchar(255) DEFAULT NULL,
  `view` int(11) DEFAULT NULL,
  `description` text,
  `menu_item_type_id` int(11) NOT NULL,
  `menu_item_params` varchar(255) DEFAULT NULL,
  `parent_id` int(11) DEFAULT NULL,
  `menus_id` int(11) NOT NULL,
  `order` int(11) DEFAULT NULL,
  `language` varchar(10) DEFAULT '',
  `countries` varchar(255) NOT NULL DEFAULT '',
  `countries_not` varchar(255) NOT NULL DEFAULT '',
  `enabled` int(11) NOT NULL DEFAULT '1',
  `tracking_codes` text,
  PRIMARY KEY (`id`),
  UNIQUE KEY `unique` (`alias`,`menus_id`),
  KEY `fk_cu_menu_item_type` (`menu_item_type_id`),
  KEY `fk_cu_menu` (`menus_id`)
) ENGINE=InnoDB AUTO_INCREMENT=200 DEFAULT CHARSET=utf8;

INSERT INTO `cu_menu_items` VALUES (1,'users','users','','',1,'',1,'{}',0,1,3,'','','',1,NULL);
INSERT INTO `cu_menu_items` VALUES (2,'user_groups','user-groups','',NULL,NULL,NULL,2,'{\"table_name\":\"cu_user_groups\",\"defined_task\":\"\"}',1,1,2,'','','',1,NULL);
INSERT INTO `cu_menu_items` VALUES (19,'user_accounts','user-accounts','',NULL,NULL,NULL,2,'{\"table_name\":\"cu_users\",\"defined_task\":\"\"}',1,1,1,'','','',1,NULL);
INSERT INTO `cu_menu_items` VALUES (41,'profile','profile','','',1,'',2,'{\"table_name\":\"cu_users\",\"defined_task\":\"&task=edit&id=profile&cancel=false&save=false\"}',0,1,1,'','','',1,'');
INSERT INTO `cu_menu_items` VALUES (52,'add_new_user','add-new-user','','',1,'',2,'{\"table_name\":\"cu_users\",\"defined_task\":\"task=new\"}',19,1,1,'','','',1,NULL);
INSERT INTO `cu_menu_items` VALUES (53,'add_new_group','add-new-group','',NULL,NULL,NULL,2,'{\"table_name\":\"cu_user_groups\",\"defined_task\":\"task=new\"}',2,1,1,'','','',1,NULL);
INSERT INTO `cu_menu_items` VALUES (82,'Table manager','table-manager','','media/upload_files/menu_database.png',1,'',3,'{\"component_name\":\"table_manager\"}',0,2,2,'','','',1,NULL);
INSERT INTO `cu_menu_items` VALUES (83,'section_manager','section-manager','','media/upload_files/menu_menu.png',1,'',1,'{}',0,2,4,'','','',1,'');
INSERT INTO `cu_menu_items` VALUES (84,'section_groups','section-groups','','',1,'',2,'{\"table_name\":\"cu_menus\",\"defined_task\":\"\"}',83,2,1,'','','',1,'');
INSERT INTO `cu_menu_items` VALUES (85,'section_items','section-items','','',1,'',3,'{\"component_name\":\"menu\"}',83,2,2,'','','',1,'');
INSERT INTO `cu_menu_items` VALUES (86,'section_items_type','section-items-type','','',1,'',2,'{\"table_name\":\"cu_menu_item_type\",\"defined_task\":\"\"}',83,2,3,'','','',1,'');
INSERT INTO `cu_menu_items` VALUES (87,'Permissions','permissions','','media/upload_files/menu_permissions.png',1,'',1,'{}',0,2,5,'','','',1,NULL);
INSERT INTO `cu_menu_items` VALUES (88,'Permissions','permission-types','','',1,'',2,'{\"table_name\":\"cu_permissions\",\"defined_task\":\"\"}',87,2,2,'','','',1,NULL);
INSERT INTO `cu_menu_items` VALUES (89,'Groups','permission-groups','','',1,'',2,'{\"table_name\":\"cu_permissions_group\",\"defined_task\":\"\"}',87,2,1,'','','',1,NULL);
INSERT INTO `cu_menu_items` VALUES (90,'Language manager','language-manager','','media/upload_files/menu_language.png',1,'',3,'{\"component_name\":\"language_manager\"}',0,2,7,'','','',1,NULL);
INSERT INTO `cu_menu_items` VALUES (91,'File manager','file-manager','','media/upload_files/menu_file.png',1,'',5,'{\"js_function\":\"stage.loadFileManager()\"}',0,2,9,'','','',1,NULL);
INSERT INTO `cu_menu_items` VALUES (92,'Settings','settings','','media/upload_files/menu_settings.png',1,'',3,'{\"component_name\":\"configuration\"}',0,2,10,'','','',1,NULL);
INSERT INTO `cu_menu_items` VALUES (94,'Logout','logout','','media/upload_files/menu_logout.png',1,'',4,'{\"url\":\"?task=logout\",\"target\":\"_self\"}',0,2,12,'','','',1,NULL);
INSERT INTO `cu_menu_items` VALUES (95,'Permission values','permission-values','','',1,'',2,'{\"table_name\":\"cu_permissions_values\",\"defined_task\":\"\"}',87,2,3,'','','',0,NULL);
INSERT INTO `cu_menu_items` VALUES (96,'Views','views','','media/upload_files/menu_views.png',1,'',2,'{\"table_name\":\"cu_views\",\"defined_task\":\"\"}',0,2,6,'','','',1,NULL);
INSERT INTO `cu_menu_items` VALUES (97,'Permission data','permission-data','','',1,'',2,'{\"table_name\":\"cu_permissions_data\",\"defined_task\":\"\"}',87,2,4,'','','',1,NULL);
INSERT INTO `cu_menu_items` VALUES (116,'Support','support','','media/upload_files/menu_support.png',1,'',1,'{}',0,2,11,'','','',1,NULL);
INSERT INTO `cu_menu_items` VALUES (121,'Developer page','developer-page','','',1,'',4,'{\"url\":\"http://www.cuppacms.com/\",\"target\":\"_blank\"}',116,2,1,'','','',1,NULL);
INSERT INTO `cu_menu_items` VALUES (127,'Content list','content-list','','',1,'',2,'{\"table_name\":\"ex_content\",\"defined_task\":\"\"}',189,1,1,'','','',1,'');
INSERT INTO `cu_menu_items` VALUES (130,'Order by sections','order-by-sections-contents','','',1,'',2,'{\"table_name\":\"ex_content_by_sections\",\"defined_task\":\"\"}',189,1,2,'','','',1,'');
INSERT INTO `cu_menu_items` VALUES (188,'Countries','countries','','media/upload_files/menu_countries_1454693151.png',1,'',2,'{\"table_name\":\"cu_countries\",\"defined_task\":\"\"}',0,2,8,'','','',1,'');
INSERT INTO `cu_menu_items` VALUES (189,'Contents','contents-2','','',1,'',1,'{}',199,1,2,'','','',1,'');
INSERT INTO `cu_menu_items` VALUES (190,'Banners','banners','','',1,'',1,'{}',199,1,1,'','','',1,'');
INSERT INTO `cu_menu_items` VALUES (191,'Banner list','banner-list','','',1,'',2,'{\"table_name\":\"ex_banners\",\"defined_task\":\"\"}',190,1,1,'','','',1,'');
INSERT INTO `cu_menu_items` VALUES (192,'Order by sections','order-by-sections-banners','','',1,'',2,'{\"table_name\":\"ex_banners_by_sections\",\"defined_task\":\"\"}',190,1,2,'','','',1,'');
INSERT INTO `cu_menu_items` VALUES (199,'Web','web','','',1,'',1,'{}',0,1,13,'','','',1,'');
CREATE TABLE `cu_menus` (
  `id` int(11) NOT NULL AUTO_INCREMENT,
  `name` varchar(45) NOT NULL,
  `description` varchar(250) DEFAULT NULL,
  `language` varchar(45) DEFAULT NULL,
  PRIMARY KEY (`id`),
  UNIQUE KEY `unique` (`name`,`language`)
) ENGINE=InnoDB AUTO_INCREMENT=4 DEFAULT CHARSET=utf8;

INSERT INTO `cu_menus` VALUES (1,'admin_menu','Administrator sections/menu','');
INSERT INTO `cu_menus` VALUES (2,'admin_settings','Configuration panel','');
INSERT INTO `cu_menus` VALUES (3,'web','main menu','');
CREATE TABLE `cu_permissions` (
  `id` int(11) NOT NULL AUTO_INCREMENT,
  `name` varchar(50) DEFAULT NULL,
  `group` int(11) DEFAULT '1',
  `accept_default_value` int(11) DEFAULT '0',
  PRIMARY KEY (`id`)
) ENGINE=InnoDB AUTO_INCREMENT=13 DEFAULT CHARSET=utf8;

INSERT INTO `cu_permissions` VALUES (1,'show item menu',3,0);
INSERT INTO `cu_permissions` VALUES (2,'consult',2,0);
INSERT INTO `cu_permissions` VALUES (3,'insert',2,0);
INSERT INTO `cu_permissions` VALUES (4,'edit',2,0);
INSERT INTO `cu_permissions` VALUES (5,'delete',2,0);
INSERT INTO `cu_permissions` VALUES (7,'edit field',5,1);
INSERT INTO `cu_permissions` VALUES (8,'download',2,0);
INSERT INTO `cu_permissions` VALUES (10,'filter state',4,1);
INSERT INTO `cu_permissions` VALUES (11,'list field',5,0);
INSERT INTO `cu_permissions` VALUES (12,'duplicate',2,0);
CREATE TABLE `cu_permissions_data` (
  `id` int(11) NOT NULL AUTO_INCREMENT,
  `group` int(11) DEFAULT NULL COMMENT 'group_permission_id',
  `reference` varchar(100) DEFAULT NULL,
  `data` text,
  PRIMARY KEY (`id`),
  UNIQUE KEY `unique` (`reference`,`group`)
) ENGINE=InnoDB AUTO_INCREMENT=1036 DEFAULT CHARSET=utf8;

INSERT INTO `cu_permissions_data` VALUES (21,3,'93','eyJ2YWx1ZV8xXzEiOiIzIiwidmFsdWVfMl8xIjoiNCIsInZhbHVlXzNfMSI6IjQiLCJ2YWx1ZV80XzEiOiI0IiwiZGVmYXVsdF8xXzEiOiIiLCJkZWZhdWx0XzJfMSI6IiIsImRlZmF1bHRfM18xIjoiIiwiZGVmYXVsdF80XzEiOiIifQ==');
INSERT INTO `cu_permissions_data` VALUES (30,4,'cu_users,user_group_id','eyJ2YWx1ZV8xXzEwIjoiMSIsInZhbHVlXzJfMTAiOiIxIiwidmFsdWVfNF8xMCI6IjEiLCJkZWZhdWx0XzFfMTAiOiIiLCJkZWZhdWx0XzJfMTAiOiIiLCJkZWZhdWx0XzRfMTAiOiIifQ==');
INSERT INTO `cu_permissions_data` VALUES (31,4,'cu_users,date_registered','eyJ2YWx1ZV8xXzEwIjoiMSIsInZhbHVlXzJfMTAiOiIxIiwidmFsdWVfNF8xMCI6IjEiLCJkZWZhdWx0XzFfMTAiOiIiLCJkZWZhdWx0XzJfMTAiOiIiLCJkZWZhdWx0XzRfMTAiOiIifQ==');
INSERT INTO `cu_permissions_data` VALUES (32,4,'cu_users,enabled','eyJ2YWx1ZV8xXzEwIjoiMSIsInZhbHVlXzJfMTAiOiIxIiwidmFsdWVfNF8xMCI6IjEiLCJkZWZhdWx0XzFfMTAiOiIiLCJkZWZhdWx0XzJfMTAiOiIiLCJkZWZhdWx0XzRfMTAiOiIifQ==');
INSERT INTO `cu_permissions_data` VALUES (33,2,'cu_users','eyJ2YWx1ZV8xXzIiOiI1IiwidmFsdWVfMV8zIjoiOCIsInZhbHVlXzFfNCI6IjEwIiwidmFsdWVfMV81IjoiMTMiLCJ2YWx1ZV8xXzgiOiIxNiIsInZhbHVlXzFfMTIiOiIyOCIsInZhbHVlXzJfMiI6IjYiLCJ2YWx1ZV8yXzMiOiI5IiwidmFsdWVfMl80IjoiMTAiLCJ2YWx1ZV8yXzUiOiIxNCIsInZhbHVlXzJfOCI6IjE3IiwidmFsdWVfMl8xMiI6IjI4IiwidmFsdWVfNF8yIjoiNiIsInZhbHVlXzRfMyI6IjkiLCJ2YWx1ZV80XzQiOiIxMSIsInZhbHVlXzRfNSI6IjE0IiwidmFsdWVfNF84IjoiMTciLCJ2YWx1ZV80XzEyIjoiMjgiLCJkZWZhdWx0XzFfMiI6IiIsImRlZmF1bHRfMV8zIjoiIiwiZGVmYXVsdF8xXzQiOiIiLCJkZWZhdWx0XzFfNSI6IiIsImRlZmF1bHRfMV84IjoiIiwiZGVmYXVsdF8xXzEyIjoiIiwiZGVmYXVsdF8yXzIiOiIiLCJkZWZhdWx0XzJfMyI6IiIsImRlZmF1bHRfMl80IjoiIiwiZGVmYXVsdF8yXzUiOiIiLCJkZWZhdWx0XzJfOCI6IiIsImRlZmF1bHRfMl8xMiI6IiIsImRlZmF1bHRfNF8yIjoiIiwiZGVmYXVsdF80XzMiOiIiLCJkZWZhdWx0XzRfNCI6IiIsImRlZmF1bHRfNF81IjoiIiwiZGVmYXVsdF80XzgiOiIiLCJkZWZhdWx0XzRfMTIiOiIifQ==');
INSERT INTO `cu_permissions_data` VALUES (50,3,'41','eyJ2YWx1ZV8xXzEiOiIzIiwidmFsdWVfMl8xIjoiMyIsInZhbHVlXzNfMSI6IjMiLCJ2YWx1ZV80XzEiOiIzIiwiZGVmYXVsdF8xXzEiOiIiLCJkZWZhdWx0XzJfMSI6IiIsImRlZmF1bHRfM18xIjoiIiwiZGVmYXVsdF80XzEiOiIifQ==');
INSERT INTO `cu_permissions_data` VALUES (51,5,'cu_users,user_group_id','eyJ2YWx1ZV8xXzciOiIxOSIsInZhbHVlXzFfMTEiOiIyMSIsInZhbHVlXzJfNyI6IjIwIiwidmFsdWVfMl8xMSI6IjIyIiwidmFsdWVfM183IjoiMjAiLCJ2YWx1ZV8zXzExIjoiMjIiLCJ2YWx1ZV80XzciOiIyMCIsInZhbHVlXzRfMTEiOiIyMiIsImRlZmF1bHRfMV83IjoiIiwiZGVmYXVsdF8xXzExIjoiIiwiZGVmYXVsdF8yXzciOiIiLCJkZWZhdWx0XzJfMTEiOiIiLCJkZWZhdWx0XzNfNyI6IiIsImRlZmF1bHRfM18xMSI6IiIsImRlZmF1bHRfNF83IjoiIiwiZGVmYXVsdF80XzExIjoiIn0=');
INSERT INTO `cu_permissions_data` VALUES (60,5,'cu_users,enabled','eyJ2YWx1ZV8xXzciOiIxOSIsInZhbHVlXzFfMTEiOiIyMSIsInZhbHVlXzJfNyI6IjIwIiwidmFsdWVfMl8xMSI6IjIyIiwidmFsdWVfM183IjoiMjAiLCJ2YWx1ZV8zXzExIjoiMjIiLCJ2YWx1ZV80XzciOiIyMCIsInZhbHVlXzRfMTEiOiIyMiIsImRlZmF1bHRfMV83IjoiIiwiZGVmYXVsdF8xXzExIjoiIiwiZGVmYXVsdF8yXzciOiIiLCJkZWZhdWx0XzJfMTEiOiIiLCJkZWZhdWx0XzNfNyI6IiIsImRlZmF1bHRfM18xMSI6IiIsImRlZmF1bHRfNF83IjoiIiwiZGVmYXVsdF80XzExIjoiIn0=');
INSERT INTO `cu_permissions_data` VALUES (67,5,'cu_users,date_registered','eyJ2YWx1ZV8xXzciOiIxOSIsInZhbHVlXzFfMTEiOiIyMSIsInZhbHVlXzJfNyI6IjIzIiwidmFsdWVfMl8xMSI6IjIyIiwidmFsdWVfM183IjoiMjAiLCJ2YWx1ZV8zXzExIjoiMjIiLCJ2YWx1ZV80XzciOiIyMCIsInZhbHVlXzRfMTEiOiIyMiIsImRlZmF1bHRfMV83IjoiIiwiZGVmYXVsdF8xXzExIjoiIiwiZGVmYXVsdF8yXzciOiIiLCJkZWZhdWx0XzJfMTEiOiIiLCJkZWZhdWx0XzNfNyI6IiIsImRlZmF1bHRfM18xMSI6IiIsImRlZmF1bHRfNF83IjoiIiwiZGVmYXVsdF80XzExIjoiIn0=');
INSERT INTO `cu_permissions_data` VALUES (77,5,'cu_users,image','eyJ2YWx1ZV8xXzciOiIxOSIsInZhbHVlXzFfMTEiOiIyMSIsInZhbHVlXzJfNyI6IjE5IiwidmFsdWVfMl8xMSI6IjIxIiwidmFsdWVfNF83IjoiMTkiLCJ2YWx1ZV80XzExIjoiMjEiLCJkZWZhdWx0XzFfNyI6IidtZWRpYS91c2VyX2ltYWdlcy9kZWZhdWx0LmpwZyciLCJkZWZhdWx0XzFfMTEiOiIiLCJkZWZhdWx0XzJfNyI6IidtZWRpYS91c2VyX2ltYWdlcy9kZWZhdWx0LmpwZyciLCJkZWZhdWx0XzJfMTEiOiIiLCJkZWZhdWx0XzRfNyI6IidtZWRpYS91c2VyX2ltYWdlcy9kZWZhdWx0LmpwZyciLCJkZWZhdWx0XzRfMTEiOiIifQ==');
INSERT INTO `cu_permissions_data` VALUES (225,4,'cu_permissions,group','eyJ2YWx1ZV8xXzEwIjoiMSIsInZhbHVlXzJfMTAiOiIxIiwidmFsdWVfM18xMCI6IjEiLCJ2YWx1ZV80XzEwIjoiMSIsImRlZmF1bHRfMV8xMCI6IiIsImRlZmF1bHRfMl8xMCI6IiIsImRlZmF1bHRfM18xMCI6IiIsImRlZmF1bHRfNF8xMCI6IiJ9');
INSERT INTO `cu_permissions_data` VALUES (226,4,'cu_permissions,accept_default_value','eyJ2YWx1ZV8xXzEwIjoiMSIsInZhbHVlXzJfMTAiOiIxIiwidmFsdWVfM18xMCI6IjEiLCJ2YWx1ZV80XzEwIjoiMSIsImRlZmF1bHRfMV8xMCI6IiIsImRlZmF1bHRfMl8xMCI6IiIsImRlZmF1bHRfM18xMCI6IiIsImRlZmF1bHRfNF8xMCI6IiJ9');
INSERT INTO `cu_permissions_data` VALUES (227,4,'cu_permissions_values,permission','eyJ2YWx1ZV8xXzEwIjoiMjQiLCJ2YWx1ZV8yXzEwIjoiMjQiLCJ2YWx1ZV8zXzEwIjoiMjQiLCJ2YWx1ZV80XzEwIjoiMjQiLCJkZWZhdWx0XzFfMTAiOiIiLCJkZWZhdWx0XzJfMTAiOiIiLCJkZWZhdWx0XzNfMTAiOiIiLCJkZWZhdWx0XzRfMTAiOiIifQ==');
INSERT INTO `cu_permissions_data` VALUES (245,4,'cu_permissions_data,group','eyJ2YWx1ZV8xXzEwIjoiMSIsInZhbHVlXzJfMTAiOiIxIiwidmFsdWVfM18xMCI6IjEiLCJ2YWx1ZV80XzEwIjoiMSIsImRlZmF1bHRfMV8xMCI6IiIsImRlZmF1bHRfMl8xMCI6IiIsImRlZmF1bHRfM18xMCI6IiIsImRlZmF1bHRfNF8xMCI6IiJ9');
INSERT INTO `cu_permissions_data` VALUES (322,5,'cu_permissions_values,permission','eyJ2YWx1ZV8xXzciOiIyMyIsInZhbHVlXzFfMTEiOiIyMSIsInZhbHVlXzJfNyI6IjIzIiwidmFsdWVfMl8xMSI6IjIxIiwidmFsdWVfM183IjoiMTkiLCJ2YWx1ZV8zXzExIjoiMjEiLCJ2YWx1ZV80XzciOiIxOSIsInZhbHVlXzRfMTEiOiIyMSIsImRlZmF1bHRfMV83IjoiIiwiZGVmYXVsdF8xXzExIjoiIiwiZGVmYXVsdF8yXzciOiIiLCJkZWZhdWx0XzJfMTEiOiIiLCJkZWZhdWx0XzNfNyI6IiIsImRlZmF1bHRfM18xMSI6IiIsImRlZmF1bHRfNF83IjoiIiwiZGVmYXVsdF80XzExIjoiIn0=');
INSERT INTO `cu_permissions_data` VALUES (426,5,'cu_permissions,group','eyJ2YWx1ZV8xXzciOiIxOSIsInZhbHVlXzFfMTEiOiIyMSIsInZhbHVlXzJfNyI6IjE5IiwidmFsdWVfMl8xMSI6IjIxIiwidmFsdWVfM183IjoiMTkiLCJ2YWx1ZV8zXzExIjoiMjEiLCJ2YWx1ZV80XzciOiIxOSIsInZhbHVlXzRfMTEiOiIyMSIsImRlZmF1bHRfMV83IjoiIiwiZGVmYXVsdF8xXzExIjoiIiwiZGVmYXVsdF8yXzciOiIiLCJkZWZhdWx0XzJfMTEiOiIiLCJkZWZhdWx0XzNfNyI6IiIsImRlZmF1bHRfM18xMSI6IiIsImRlZmF1bHRfNF83IjoiIiwiZGVmYXVsdF80XzExIjoiIn0=');
INSERT INTO `cu_permissions_data` VALUES (452,4,'cu_language_rich_content,language','eyJ2YWx1ZV8xXzEwIjoiMSIsInZhbHVlXzJfMTAiOiIxIiwidmFsdWVfM18xMCI6IjEiLCJ2YWx1ZV80XzEwIjoiMSIsImRlZmF1bHRfMV8xMCI6IiIsImRlZmF1bHRfMl8xMCI6IiIsImRlZmF1bHRfM18xMCI6IiIsImRlZmF1bHRfNF8xMCI6IiJ9');
INSERT INTO `cu_permissions_data` VALUES (473,2,'cu_menu_items','eyJ2YWx1ZV8xXzIiOiI1IiwidmFsdWVfMV8zIjoiOCIsInZhbHVlXzFfNCI6IjEwIiwidmFsdWVfMV81IjoiMTMiLCJ2YWx1ZV8xXzgiOiIxNiIsInZhbHVlXzJfMiI6IjUiLCJ2YWx1ZV8yXzMiOiI4IiwidmFsdWVfMl80IjoiMTAiLCJ2YWx1ZV8yXzUiOiIxMyIsInZhbHVlXzJfOCI6IjE2IiwidmFsdWVfM18yIjoiNSIsInZhbHVlXzNfMyI6IjgiLCJ2YWx1ZV8zXzQiOiIxMCIsInZhbHVlXzNfNSI6IjEzIiwidmFsdWVfM184IjoiMTYiLCJ2YWx1ZV80XzIiOiI1IiwidmFsdWVfNF8zIjoiOCIsInZhbHVlXzRfNCI6IjEwIiwidmFsdWVfNF81IjoiMTMiLCJ2YWx1ZV80XzgiOiIxNiIsImRlZmF1bHRfMV8yIjoiIiwiZGVmYXVsdF8xXzMiOiIiLCJkZWZhdWx0XzFfNCI6IiIsImRlZmF1bHRfMV81IjoiIiwiZGVmYXVsdF8xXzgiOiIiLCJkZWZhdWx0XzJfMiI6IiIsImRlZmF1bHRfMl8zIjoiIiwiZGVmYXVsdF8yXzQiOiIiLCJkZWZhdWx0XzJfNSI6IiIsImRlZmF1bHRfMl84IjoiIiwiZGVmYXVsdF8zXzIiOiIiLCJkZWZhdWx0XzNfMyI6IiIsImRlZmF1bHRfM180IjoiIiwiZGVmYXVsdF8zXzUiOiIiLCJkZWZhdWx0XzNfOCI6IiIsImRlZmF1bHRfNF8yIjoiIiwiZGVmYXVsdF80XzMiOiIiLCJkZWZhdWx0XzRfNCI6IiIsImRlZmF1bHRfNF81IjoiIiwiZGVmYXVsdF80XzgiOiIifQ==');
INSERT INTO `cu_permissions_data` VALUES (481,2,'cu_language_rich_content','eyJ2YWx1ZV8xXzIiOiI1IiwidmFsdWVfMV8zIjoiOCIsInZhbHVlXzFfNCI6IjEwIiwidmFsdWVfMV81IjoiMTMiLCJ2YWx1ZV8xXzgiOiIxNiIsInZhbHVlXzJfMiI6IjUiLCJ2YWx1ZV8yXzMiOiI4IiwidmFsdWVfMl80IjoiMTAiLCJ2YWx1ZV8yXzUiOiIxMyIsInZhbHVlXzJfOCI6IjE2IiwidmFsdWVfM18yIjoiNSIsInZhbHVlXzNfMyI6IjgiLCJ2YWx1ZV8zXzQiOiIxMCIsInZhbHVlXzNfNSI6IjEzIiwidmFsdWVfM184IjoiMTYiLCJ2YWx1ZV80XzIiOiI1IiwidmFsdWVfNF8zIjoiOCIsInZhbHVlXzRfNCI6IjEwIiwidmFsdWVfNF81IjoiMTMiLCJ2YWx1ZV80XzgiOiIxNiIsImRlZmF1bHRfMV8yIjoiIiwiZGVmYXVsdF8xXzMiOiIiLCJkZWZhdWx0XzFfNCI6IiIsImRlZmF1bHRfMV81IjoiIiwiZGVmYXVsdF8xXzgiOiIiLCJkZWZhdWx0XzJfMiI6IiIsImRlZmF1bHRfMl8zIjoiIiwiZGVmYXVsdF8yXzQiOiIiLCJkZWZhdWx0XzJfNSI6IiIsImRlZmF1bHRfMl84IjoiIiwiZGVmYXVsdF8zXzIiOiIiLCJkZWZhdWx0XzNfMyI6IiIsImRlZmF1bHRfM180IjoiIiwiZGVmYXVsdF8zXzUiOiIiLCJkZWZhdWx0XzNfOCI6IiIsImRlZmF1bHRfNF8yIjoiIiwiZGVmYXVsdF80XzMiOiIiLCJkZWZhdWx0XzRfNCI6IiIsImRlZmF1bHRfNF81IjoiIiwiZGVmYXVsdF80XzgiOiIifQ==');
INSERT INTO `cu_permissions_data` VALUES (527,4,'cu_permissions','eyJ2YWx1ZV8xXzEwIjoiMSIsInZhbHVlXzJfMTAiOiIxIiwidmFsdWVfM18xMCI6IjEiLCJ2YWx1ZV80XzEwIjoiMSIsImRlZmF1bHRfMV8xMCI6IiIsImRlZmF1bHRfMl8xMCI6IiIsImRlZmF1bHRfM18xMCI6IiIsImRlZmF1bHRfNF8xMCI6IiJ9');
INSERT INTO `cu_permissions_data` VALUES (529,4,'cu_permissions_group','eyJ2YWx1ZV8xXzEwIjoiMSIsInZhbHVlXzJfMTAiOiIxIiwidmFsdWVfM18xMCI6IjEiLCJ2YWx1ZV80XzEwIjoiMSIsImRlZmF1bHRfMV8xMCI6IiIsImRlZmF1bHRfMl8xMCI6IiIsImRlZmF1bHRfM18xMCI6IiIsImRlZmF1bHRfNF8xMCI6IiJ9');
INSERT INTO `cu_permissions_data` VALUES (530,4,'cu_permissions_values','eyJ2YWx1ZV8xXzEwIjoiMSIsInZhbHVlXzJfMTAiOiIxIiwidmFsdWVfM18xMCI6IjEiLCJ2YWx1ZV80XzEwIjoiMSIsImRlZmF1bHRfMV8xMCI6IiIsImRlZmF1bHRfMl8xMCI6IiIsImRlZmF1bHRfM18xMCI6IiIsImRlZmF1bHRfNF8xMCI6IiJ9');
INSERT INTO `cu_permissions_data` VALUES (642,4,'cu_menus,language','eyJ2YWx1ZV8xXzEwIjoiMSIsInZhbHVlXzJfMTAiOiIxIiwidmFsdWVfM18xMCI6IjEiLCJ2YWx1ZV80XzEwIjoiMSIsImRlZmF1bHRfMV8xMCI6IiIsImRlZmF1bHRfMl8xMCI6IiIsImRlZmF1bHRfM18xMCI6IiIsImRlZmF1bHRfNF8xMCI6IiJ9');
INSERT INTO `cu_permissions_data` VALUES (655,5,'cu_users,name','eyJ2YWx1ZV8xXzciOiIxOSIsInZhbHVlXzFfMTEiOiIyMSIsInZhbHVlXzJfNyI6IjE5IiwidmFsdWVfMl8xMSI6IjIxIiwidmFsdWVfM183IjoiMTkiLCJ2YWx1ZV8zXzExIjoiMjEiLCJ2YWx1ZV80XzciOiIxOSIsInZhbHVlXzRfMTEiOiIyMSIsImRlZmF1bHRfMV83IjoiIiwiZGVmYXVsdF8xXzExIjoiIiwiZGVmYXVsdF8yXzciOiIiLCJkZWZhdWx0XzJfMTEiOiIiLCJkZWZhdWx0XzNfNyI6IiIsImRlZmF1bHRfM18xMSI6IiIsImRlZmF1bHRfNF83IjoiIiwiZGVmYXVsdF80XzExIjoiIn0=');
INSERT INTO `cu_permissions_data` VALUES (669,3,'79','eyJ2YWx1ZV8xXzEiOiIzIiwidmFsdWVfMl8xIjoiMyIsInZhbHVlXzNfMSI6IjMiLCJ2YWx1ZV80XzEiOiIzIiwiZGVmYXVsdF8xXzEiOiIiLCJkZWZhdWx0XzJfMSI6IiIsImRlZmF1bHRfM18xIjoiIiwiZGVmYXVsdF80XzEiOiIifQ==');
INSERT INTO `cu_permissions_data` VALUES (670,3,'91','eyJ2YWx1ZV8xXzEiOiIzIiwidmFsdWVfMl8xIjoiNCIsInZhbHVlXzNfMSI6IjQiLCJ2YWx1ZV80XzEiOiI0IiwiZGVmYXVsdF8xXzEiOiIiLCJkZWZhdWx0XzJfMSI6IiIsImRlZmF1bHRfM18xIjoiIiwiZGVmYXVsdF80XzEiOiIifQ==');
INSERT INTO `cu_permissions_data` VALUES (671,3,'82','eyJ2YWx1ZV8xXzEiOiIzIiwidmFsdWVfMl8xIjoiNCIsInZhbHVlXzNfMSI6IjQiLCJ2YWx1ZV80XzEiOiI0IiwiZGVmYXVsdF8xXzEiOiIiLCJkZWZhdWx0XzJfMSI6IiIsImRlZmF1bHRfM18xIjoiIiwiZGVmYXVsdF80XzEiOiIifQ==');
INSERT INTO `cu_permissions_data` VALUES (675,3,'83','eyJ2YWx1ZV8xXzEiOiIzIiwidmFsdWVfMl8xIjoiNCIsInZhbHVlXzNfMSI6IjQiLCJ2YWx1ZV80XzEiOiI0IiwiZGVmYXVsdF8xXzEiOiIiLCJkZWZhdWx0XzJfMSI6IiIsImRlZmF1bHRfM18xIjoiIiwiZGVmYXVsdF80XzEiOiIifQ==');
INSERT INTO `cu_permissions_data` VALUES (679,3,'87','eyJ2YWx1ZV8xXzEiOiIzIiwidmFsdWVfMl8xIjoiNCIsInZhbHVlXzNfMSI6IjQiLCJ2YWx1ZV80XzEiOiI0IiwiZGVmYXVsdF8xXzEiOiIiLCJkZWZhdWx0XzJfMSI6IiIsImRlZmF1bHRfM18xIjoiIiwiZGVmYXVsdF80XzEiOiIifQ==');
INSERT INTO `cu_permissions_data` VALUES (685,3,'96','eyJ2YWx1ZV8xXzEiOiIzIiwidmFsdWVfMl8xIjoiNCIsInZhbHVlXzNfMSI6IjQiLCJ2YWx1ZV80XzEiOiI0IiwiZGVmYXVsdF8xXzEiOiIiLCJkZWZhdWx0XzJfMSI6IiIsImRlZmF1bHRfM18xIjoiIiwiZGVmYXVsdF80XzEiOiIifQ==');
INSERT INTO `cu_permissions_data` VALUES (689,3,'90','eyJ2YWx1ZV8xXzEiOiIzIiwidmFsdWVfMl8xIjoiNCIsInZhbHVlXzNfMSI6IjQiLCJ2YWx1ZV80XzEiOiI0IiwiZGVmYXVsdF8xXzEiOiIiLCJkZWZhdWx0XzJfMSI6IiIsImRlZmF1bHRfM18xIjoiIiwiZGVmYXVsdF80XzEiOiIifQ==');
INSERT INTO `cu_permissions_data` VALUES (698,3,'92','eyJ2YWx1ZV8xXzEiOiIzIiwidmFsdWVfMl8xIjoiNCIsInZhbHVlXzNfMSI6IjQiLCJ2YWx1ZV80XzEiOiI0IiwiZGVmYXVsdF8xXzEiOiIiLCJkZWZhdWx0XzJfMSI6IiIsImRlZmF1bHRfM18xIjoiIiwiZGVmYXVsdF80XzEiOiIifQ==');
INSERT INTO `cu_permissions_data` VALUES (703,3,'119','eyJ2YWx1ZV8xXzEiOiIzIiwidmFsdWVfMl8xIjoiMyIsInZhbHVlXzNfMSI6IjMiLCJ2YWx1ZV80XzEiOiIzIiwiZGVmYXVsdF8xXzEiOiIiLCJkZWZhdWx0XzJfMSI6IiIsImRlZmF1bHRfM18xIjoiIiwiZGVmYXVsdF80XzEiOiIifQ==');
INSERT INTO `cu_permissions_data` VALUES (705,3,'116','eyJ2YWx1ZV8xXzEiOiIzIiwidmFsdWVfMl8xIjoiNCIsInZhbHVlXzNfMSI6IjQiLCJ2YWx1ZV80XzEiOiI0IiwiZGVmYXVsdF8xXzEiOiIiLCJkZWZhdWx0XzJfMSI6IiIsImRlZmF1bHRfM18xIjoiIiwiZGVmYXVsdF80XzEiOiIifQ==');
INSERT INTO `cu_permissions_data` VALUES (781,3,'1','eyJ2YWx1ZV8xXzEiOiIzIiwidmFsdWVfMl8xIjoiNCIsInZhbHVlXzRfMSI6IjQiLCJkZWZhdWx0XzFfMSI6IiIsImRlZmF1bHRfMl8xIjoiIiwiZGVmYXVsdF80XzEiOiIifQ==');
INSERT INTO `cu_permissions_data` VALUES (795,4,'ex_content_by_section,sections','eyJ2YWx1ZV8xXzEwIjoiMSIsInZhbHVlXzJfMTAiOiIxIiwidmFsdWVfM18xMCI6IjEiLCJ2YWx1ZV80XzEwIjoiMSIsImRlZmF1bHRfMV8xMCI6IiIsImRlZmF1bHRfMl8xMCI6IiIsImRlZmF1bHRfM18xMCI6IiIsImRlZmF1bHRfNF8xMCI6IiJ9');
INSERT INTO `cu_permissions_data` VALUES (796,4,'ex_content_by_section,contents','eyJ2YWx1ZV8xXzEwIjoiMSIsInZhbHVlXzJfMTAiOiIxIiwidmFsdWVfM18xMCI6IjEiLCJ2YWx1ZV80XzEwIjoiMSIsImRlZmF1bHRfMV8xMCI6IiIsImRlZmF1bHRfMl8xMCI6IiIsImRlZmF1bHRfM18xMCI6IiIsImRlZmF1bHRfNF8xMCI6IiJ9');
INSERT INTO `cu_permissions_data` VALUES (803,4,'ex_content_by_sections,section','eyJ2YWx1ZV8xXzEwIjoiMSIsInZhbHVlXzJfMTAiOiIxIiwidmFsdWVfNF8xMCI6IjEiLCJkZWZhdWx0XzFfMTAiOiIiLCJkZWZhdWx0XzJfMTAiOiIiLCJkZWZhdWx0XzRfMTAiOiIifQ==');
INSERT INTO `cu_permissions_data` VALUES (804,4,'ex_content_by_sections,contents','eyJ2YWx1ZV8xXzEwIjoiMSIsInZhbHVlXzJfMTAiOiIxIiwidmFsdWVfNF8xMCI6IjEiLCJkZWZhdWx0XzFfMTAiOiIiLCJkZWZhdWx0XzJfMTAiOiIiLCJkZWZhdWx0XzRfMTAiOiIifQ==');
INSERT INTO `cu_permissions_data` VALUES (827,2,'ex_content_by_sections','eyJ2YWx1ZV8xXzIiOiI1IiwidmFsdWVfMV8zIjoiOCIsInZhbHVlXzFfNCI6IjEwIiwidmFsdWVfMV81IjoiMTMiLCJ2YWx1ZV8xXzgiOiIxNiIsInZhbHVlXzFfMTIiOiIyOCIsInZhbHVlXzJfMiI6IjUiLCJ2YWx1ZV8yXzMiOiI4IiwidmFsdWVfMl80IjoiMTAiLCJ2YWx1ZV8yXzUiOiIxMyIsInZhbHVlXzJfOCI6IjE2IiwidmFsdWVfMl8xMiI6IjI4IiwidmFsdWVfM18yIjoiNSIsInZhbHVlXzNfMyI6IjgiLCJ2YWx1ZV8zXzQiOiIxMCIsInZhbHVlXzNfNSI6IjEzIiwidmFsdWVfM184IjoiMTYiLCJ2YWx1ZV8zXzEyIjoiMjgiLCJ2YWx1ZV80XzIiOiI1IiwidmFsdWVfNF8zIjoiOCIsInZhbHVlXzRfNCI6IjEwIiwidmFsdWVfNF81IjoiMTMiLCJ2YWx1ZV80XzgiOiIxNiIsInZhbHVlXzRfMTIiOiIyOCIsImRlZmF1bHRfMV8yIjoiIiwiZGVmYXVsdF8xXzMiOiIiLCJkZWZhdWx0XzFfNCI6IiIsImRlZmF1bHRfMV81IjoiIiwiZGVmYXVsdF8xXzgiOiIiLCJkZWZhdWx0XzFfMTIiOiIiLCJkZWZhdWx0XzJfMiI6IiIsImRlZmF1bHRfMl8zIjoiIiwiZGVmYXVsdF8yXzQiOiIiLCJkZWZhdWx0XzJfNSI6IiIsImRlZmF1bHRfMl84IjoiIiwiZGVmYXVsdF8yXzEyIjoiIiwiZGVmYXVsdF8zXzIiOiIiLCJkZWZhdWx0XzNfMyI6IiIsImRlZmF1bHRfM180IjoiIiwiZGVmYXVsdF8zXzUiOiIiLCJkZWZhdWx0XzNfOCI6IiIsImRlZmF1bHRfM18xMiI6IiIsImRlZmF1bHRfNF8yIjoiIiwiZGVmYXVsdF80XzMiOiIiLCJkZWZhdWx0XzRfNCI6IiIsImRlZmF1bHRfNF81IjoiIiwiZGVmYXVsdF80XzgiOiIiLCJkZWZhdWx0XzRfMTIiOiIifQ==');
INSERT INTO `cu_permissions_data` VALUES (939,4,'cu_user_groups,admin_login','eyJ2YWx1ZV8xXzEwIjoiMSIsInZhbHVlXzJfMTAiOiIxIiwidmFsdWVfM18xMCI6IjEiLCJ2YWx1ZV80XzEwIjoiMSIsImRlZmF1bHRfMV8xMCI6IiIsImRlZmF1bHRfMl8xMCI6IiIsImRlZmF1bHRfM18xMCI6IiIsImRlZmF1bHRfNF8xMCI6IiJ9');
INSERT INTO `cu_permissions_data` VALUES (940,4,'cu_user_groups,enabled','eyJ2YWx1ZV8xXzEwIjoiMSIsInZhbHVlXzJfMTAiOiIxIiwidmFsdWVfM18xMCI6IjEiLCJ2YWx1ZV80XzEwIjoiMSIsImRlZmF1bHRfMV8xMCI6IiIsImRlZmF1bHRfMl8xMCI6IiIsImRlZmF1bHRfM18xMCI6IiIsImRlZmF1bHRfNF8xMCI6IiJ9');
INSERT INTO `cu_permissions_data` VALUES (941,4,'cu_user_groups,site_login','eyJ2YWx1ZV8xXzEwIjoiMSIsInZhbHVlXzJfMTAiOiIxIiwidmFsdWVfM18xMCI6IjEiLCJ2YWx1ZV80XzEwIjoiMSIsImRlZmF1bHRfMV8xMCI6IiIsImRlZmF1bHRfMl8xMCI6IiIsImRlZmF1bHRfM18xMCI6IiIsImRlZmF1bHRfNF8xMCI6IiJ9');
INSERT INTO `cu_permissions_data` VALUES (944,4,'ex_banners_by_sections,section','eyJ2YWx1ZV8xXzEwIjoiMSIsInZhbHVlXzJfMTAiOiIxIiwidmFsdWVfNF8xMCI6IjEiLCJkZWZhdWx0XzFfMTAiOiIiLCJkZWZhdWx0XzJfMTAiOiIiLCJkZWZhdWx0XzRfMTAiOiIifQ==');
INSERT INTO `cu_permissions_data` VALUES (945,4,'ex_banners_by_sections,banners','eyJ2YWx1ZV8xXzEwIjoiMSIsInZhbHVlXzJfMTAiOiIxIiwidmFsdWVfNF8xMCI6IjEiLCJkZWZhdWx0XzFfMTAiOiIiLCJkZWZhdWx0XzJfMTAiOiIiLCJkZWZhdWx0XzRfMTAiOiIifQ==');
INSERT INTO `cu_permissions_data` VALUES (946,4,'ex_banners_by_sections,show_in_subsection','eyJ2YWx1ZV8xXzEwIjoiMSIsInZhbHVlXzJfMTAiOiIxIiwidmFsdWVfNF8xMCI6IjEiLCJkZWZhdWx0XzFfMTAiOiIiLCJkZWZhdWx0XzJfMTAiOiIiLCJkZWZhdWx0XzRfMTAiOiIifQ==');
INSERT INTO `cu_permissions_data` VALUES (949,4,'ex_content_by_sections,show_in_subsection','eyJ2YWx1ZV8xXzEwIjoiMSIsInZhbHVlXzJfMTAiOiIxIiwidmFsdWVfNF8xMCI6IjEiLCJkZWZhdWx0XzFfMTAiOiIiLCJkZWZhdWx0XzJfMTAiOiIiLCJkZWZhdWx0XzRfMTAiOiIifQ==');
INSERT INTO `cu_permissions_data` VALUES (954,3,'188','eyJ2YWx1ZV8xXzEiOiIzIiwidmFsdWVfMl8xIjoiNCIsInZhbHVlXzRfMSI6IjQiLCJkZWZhdWx0XzFfMSI6IiIsImRlZmF1bHRfMl8xIjoiIiwiZGVmYXVsdF80XzEiOiIifQ==');
INSERT INTO `cu_permissions_data` VALUES (1028,4,'ex_banners,language','eyJ2YWx1ZV8xXzEwIjoiMSIsInZhbHVlXzJfMTAiOiIxIiwidmFsdWVfNF8xMCI6IjEiLCJkZWZhdWx0XzFfMTAiOiIiLCJkZWZhdWx0XzJfMTAiOiIiLCJkZWZhdWx0XzRfMTAiOiIifQ==');
INSERT INTO `cu_permissions_data` VALUES (1029,4,'ex_banners,countries','eyJ2YWx1ZV8xXzEwIjoiMSIsInZhbHVlXzJfMTAiOiIxIiwidmFsdWVfNF8xMCI6IjEiLCJkZWZhdWx0XzFfMTAiOiIiLCJkZWZhdWx0XzJfMTAiOiIiLCJkZWZhdWx0XzRfMTAiOiIifQ==');
INSERT INTO `cu_permissions_data` VALUES (1030,4,'ex_banners,countries_not','eyJ2YWx1ZV8xXzEwIjoiMSIsInZhbHVlXzJfMTAiOiIxIiwidmFsdWVfNF8xMCI6IjEiLCJkZWZhdWx0XzFfMTAiOiIiLCJkZWZhdWx0XzJfMTAiOiIiLCJkZWZhdWx0XzRfMTAiOiIifQ==');
INSERT INTO `cu_permissions_data` VALUES (1031,4,'ex_banners,enabled','eyJ2YWx1ZV8xXzEwIjoiMSIsInZhbHVlXzJfMTAiOiIxIiwidmFsdWVfNF8xMCI6IjEiLCJkZWZhdWx0XzFfMTAiOiIiLCJkZWZhdWx0XzJfMTAiOiIiLCJkZWZhdWx0XzRfMTAiOiIifQ==');
INSERT INTO `cu_permissions_data` VALUES (1032,4,'ex_content,language','eyJ2YWx1ZV8xXzEwIjoiMSIsInZhbHVlXzJfMTAiOiIxIiwidmFsdWVfNF8xMCI6IjEiLCJkZWZhdWx0XzFfMTAiOiIiLCJkZWZhdWx0XzJfMTAiOiIiLCJkZWZhdWx0XzRfMTAiOiIifQ==');
INSERT INTO `cu_permissions_data` VALUES (1033,4,'ex_content,countries','eyJ2YWx1ZV8xXzEwIjoiMSIsInZhbHVlXzJfMTAiOiIxIiwidmFsdWVfNF8xMCI6IjEiLCJkZWZhdWx0XzFfMTAiOiIiLCJkZWZhdWx0XzJfMTAiOiIiLCJkZWZhdWx0XzRfMTAiOiIifQ==');
INSERT INTO `cu_permissions_data` VALUES (1034,4,'ex_content,countries_not','eyJ2YWx1ZV8xXzEwIjoiMSIsInZhbHVlXzJfMTAiOiIxIiwidmFsdWVfNF8xMCI6IjEiLCJkZWZhdWx0XzFfMTAiOiIiLCJkZWZhdWx0XzJfMTAiOiIiLCJkZWZhdWx0XzRfMTAiOiIifQ==');
INSERT INTO `cu_permissions_data` VALUES (1035,4,'ex_content,enabled','eyJ2YWx1ZV8xXzEwIjoiMSIsInZhbHVlXzJfMTAiOiIxIiwidmFsdWVfNF8xMCI6IjEiLCJkZWZhdWx0XzFfMTAiOiIiLCJkZWZhdWx0XzJfMTAiOiIiLCJkZWZhdWx0XzRfMTAiOiIifQ==');
CREATE TABLE `cu_permissions_group` (
  `id` int(11) NOT NULL AUTO_INCREMENT,
  `name` varchar(255) DEFAULT NULL,
  PRIMARY KEY (`id`)
) ENGINE=InnoDB AUTO_INCREMENT=6 DEFAULT CHARSET=utf8;

INSERT INTO `cu_permissions_group` VALUES (1,'ungroup');
INSERT INTO `cu_permissions_group` VALUES (2,'table');
INSERT INTO `cu_permissions_group` VALUES (3,'menu');
INSERT INTO `cu_permissions_group` VALUES (4,'filters');
INSERT INTO `cu_permissions_group` VALUES (5,'table field');
CREATE TABLE `cu_permissions_values` (
  `id` int(11) NOT NULL AUTO_INCREMENT,
  `value` varchar(50) DEFAULT NULL,
  `permission` varchar(255) DEFAULT NULL,
  PRIMARY KEY (`id`)
) ENGINE=InnoDB AUTO_INCREMENT=29 DEFAULT CHARSET=utf8;

INSERT INTO `cu_permissions_values` VALUES (1,'enable','10');
INSERT INTO `cu_permissions_values` VALUES (2,'disable','10');
INSERT INTO `cu_permissions_values` VALUES (3,'true','1');
INSERT INTO `cu_permissions_values` VALUES (4,'false','1');
INSERT INTO `cu_permissions_values` VALUES (5,'true','2');
INSERT INTO `cu_permissions_values` VALUES (6,'false','2');
INSERT INTO `cu_permissions_values` VALUES (7,'only own info','2');
INSERT INTO `cu_permissions_values` VALUES (8,'true','3');
INSERT INTO `cu_permissions_values` VALUES (9,'false','3');
INSERT INTO `cu_permissions_values` VALUES (10,'true','4');
INSERT INTO `cu_permissions_values` VALUES (11,'false','4');
INSERT INTO `cu_permissions_values` VALUES (12,'only own info','4');
INSERT INTO `cu_permissions_values` VALUES (13,'true','5');
INSERT INTO `cu_permissions_values` VALUES (14,'false','5');
INSERT INTO `cu_permissions_values` VALUES (15,'only own info','5');
INSERT INTO `cu_permissions_values` VALUES (16,'true','8');
INSERT INTO `cu_permissions_values` VALUES (17,'false','8');
INSERT INTO `cu_permissions_values` VALUES (18,'only own info','8');
INSERT INTO `cu_permissions_values` VALUES (19,'true','7');
INSERT INTO `cu_permissions_values` VALUES (20,'false','7');
INSERT INTO `cu_permissions_values` VALUES (21,'true','11');
INSERT INTO `cu_permissions_values` VALUES (22,'false','11');
INSERT INTO `cu_permissions_values` VALUES (23,'blocked','7');
INSERT INTO `cu_permissions_values` VALUES (24,'hidden','10');
INSERT INTO `cu_permissions_values` VALUES (25,'blocked','10');
INSERT INTO `cu_permissions_values` VALUES (26,'hidden','7');
INSERT INTO `cu_permissions_values` VALUES (27,'true','12');
INSERT INTO `cu_permissions_values` VALUES (28,'false','12');
CREATE TABLE `cu_tables` (
  `id` int(11) NOT NULL AUTO_INCREMENT,
  `table_name` varchar(45) NOT NULL,
  `params` text NOT NULL,
  PRIMARY KEY (`id`)
) ENGINE=InnoDB AUTO_INCREMENT=44 DEFAULT CHARSET=utf8;

INSERT INTO `cu_tables` VALUES (20,'cu_permissions','eyJpZCI6eyJ0eXBlIjoiSWQiLCJsYWJlbCI6IklkIiwic2hvd0xpc3QiOjEsImluY2x1ZGVEb3dubG9hZCI6MSwicmVxdWlyZWQiOjEsImxhbmd1YWdlX2J1dHRvbiI6MH0sIm5hbWUiOnsidHlwZSI6IlRleHQiLCJsYWJlbCI6Ik5hbWUiLCJzaG93TGlzdCI6MSwiaW5jbHVkZURvd25sb2FkIjoxLCJyZXF1aXJlZCI6MCwibGFuZ3VhZ2VfYnV0dG9uIjowLCJjb25maWciOiJleUowZVhCbElqb2lkR1Y0ZENJc0ltMWhlR3hsYm1kMGFDSTZJaUlzSW1ScGMyRmliR1VpT21aaGJITmxMQ0owYjI5c2RHbHdJam9pSWl3aWRHOXZiSFJwY0Y5c1lXNW5YM0psWm1WeVpXNWpaU0k2Wm1Gc2MyVXNJbmRwWkhSb0lqb2lJaXdpWkdWbVlYVnNkQ0k2SWlKOSJ9LCJncm91cCI6eyJ0eXBlIjoiU2VsZWN0IiwibGFiZWwiOiJHcm91cCIsInNob3dMaXN0IjoxLCJpbmNsdWRlRG93bmxvYWQiOjEsInJlcXVpcmVkIjowLCJsYW5ndWFnZV9idXR0b24iOjAsImNvbmZpZyI6ImV5SmtZWFJoSWpwN0luUmhZbXhsWDI1aGJXVWlPaUpqZFY5d1pYSnRhWE56YVc5dWMxOW5jbTkxY0NJc0ltUmhkR0ZmWTI5c2RXMXVJam9pYVdRaUxDSnNZV0psYkY5amIyeDFiVzRpT2lKdVlXMWxJaXdpZDJobGNtVmZZMjlzZFcxdUlqb2lJaXdpYm1WemRHVmtYMk52YkhWdGJpSTZJaUlzSW5CaGNtVnVkRjlqYjJ4MWJXNGlPaUlpZlN3aVpYaDBjbUZRWVhKaGJYTWlPbnNpYkdGdVozVmhaMlZmY21WbVpYSmxibU5sSWpwbVlXeHpaU3dpWVdSa1gyTjFjM1J2YlY5cGRHVnRJam93TENKamRYTjBiMjFmWkdGMFlTSTZJaUlzSW1OMWMzUnZiVjlzWVdKbGJDSTZJaUlzSW5kcFpIUm9Jam9pSW4wc0luUnZiMngwYVhBaU9pSWlMQ0owYjI5c2RHbHdYMnhoYm1kZmNtVm1aWEpsYm1ObElqcG1ZV3h6WlgwPSJ9LCJhY2NlcHRfZGVmYXVsdF92YWx1ZSI6eyJ0eXBlIjoiU2VsZWN0IiwibGFiZWwiOiJBY2NlcHQgZGVmYXVsdCB2YWx1ZSIsInNob3dMaXN0IjoxLCJpbmNsdWRlRG93bmxvYWQiOjEsInJlcXVpcmVkIjowLCJsYW5ndWFnZV9idXR0b24iOjAsImNvbmZpZyI6ImV5SmtZWFJoSWpwYld5SXdJaXdpWm1Gc2MyVWlYU3hiSWpFaUxDSjBjblZsSWwxZExDSmxlSFJ5WVZCaGNtRnRjeUk2ZXlKc1lXNW5kV0ZuWlY5eVpXWmxjbVZ1WTJVaU9tWmhiSE5sTENKaFpHUmZZM1Z6ZEc5dFgybDBaVzBpT2pBc0ltTjFjM1J2YlY5a1lYUmhJam9pSWl3aVkzVnpkRzl0WDJ4aFltVnNJam9pSWl3aWQybGtkR2dpT2lJaWZTd2lkRzl2YkhScGNDSTZJaUlzSW5SdmIyeDBhWEJmYkdGdVoxOXlaV1psY21WdVkyVWlPbVpoYkhObGZRPT0ifSwic2hvd19saXN0X2xpa2VfdHJlZSI6MCwic2hvd19saXN0X2xpa2VfdHJlZV9jb2x1bW4iOiJpZCIsInNob3dfbGlzdF9saWtlX3RyZWVfdmFsaWRhdGUiOiJpZCIsInNob3dfbGlzdF9saWtlX3RyZWVfaW5kaWNhdG9yIjoiaWQiLCJsYW5ndWFnZV9maWxlX3JlZmVyZW5jZSI6IiIsImN1c3RvbV90YWJsZV9uYW1lIjoiIiwiY3VzdG9tX3RhYmxlX25hbWVfbGFuZ3VhZ2VfcmVmZXJlbmNlIjowLCJvcmRlcl9ieSI6ImlkIiwib3JkZXJfYnlfb3JkZXIiOiJBU0MiLCJsaW5rX2luZGljYXRvciI6Im5hbWUiLCJsaXN0X2xpbWl0IjoiIiwicHJpbWFyeV9rZXkiOiJpZCIsIm9wdGlvbl9wYW5lbCI6Ilczc2lhVzFoWjJWZmMzSmpJam9pYldWa2FXRXZkWEJzYjJGa1gyWnBiR1Z6TDJSbFptRjFiSFF1YW5Cbklpd2lkWEpzSWpvaVkyOXRjRzl1Wlc1MEwzUmhZbXhsWDIxaGJtRm5aWEl2ZG1sbGR5OWpkVjl3WlhKdGFYTnphVzl1YzE5MllXeDFaWE12SWl3aWRtRnlYMjVoYldVaU9pSndaWEp0YVhOemFXOXVQV2xrSm1acGJIUmxjbDl3WlhKdGFYTnphVzl1UFdsa0lpd2lkRzl2YkhScGNDSTZJa0ZrWkNCMllXeDFaU0o5WFE9PSIsImluY2x1ZGVfZmlsZSI6IiIsInRhYnMiOiIifQ==');
INSERT INTO `cu_tables` VALUES (21,'cu_menus','eyJpZCI6eyJ0eXBlIjoiSWQiLCJsYWJlbCI6ImlkIiwic2hvd0xpc3QiOjEsImluY2x1ZGVEb3dubG9hZCI6MSwicmVxdWlyZWQiOjEsImxhbmd1YWdlX2J1dHRvbiI6MH0sIm5hbWUiOnsidHlwZSI6IlRleHQiLCJsYWJlbCI6Im5hbWUiLCJzaG93TGlzdCI6MSwiaW5jbHVkZURvd25sb2FkIjoxLCJyZXF1aXJlZCI6MSwibGFuZ3VhZ2VfYnV0dG9uIjowLCJjb25maWciOiJleUowZVhCbElqb2lkR1Y0ZENKOSJ9LCJkZXNjcmlwdGlvbiI6eyJ0eXBlIjoiVGV4dCIsImxhYmVsIjoiZGVzY3JpcHRpb24iLCJzaG93TGlzdCI6MSwiaW5jbHVkZURvd25sb2FkIjoxLCJyZXF1aXJlZCI6MCwibGFuZ3VhZ2VfYnV0dG9uIjowLCJjb25maWciOiJleUowZVhCbElqb2lkR1Y0ZENKOSJ9LCJsYW5ndWFnZSI6eyJ0eXBlIjoiTGFuZ3VhZ2VfU2VsZWN0b3IiLCJsYWJlbCI6Ikxhbmd1YWdlIiwic2hvd0xpc3QiOjEsImluY2x1ZGVEb3dubG9hZCI6MSwicmVxdWlyZWQiOjEsImxhbmd1YWdlX2J1dHRvbiI6MH0sInNob3dfbGlzdF9saWtlX3RyZWUiOjAsInNob3dfbGlzdF9saWtlX3RyZWVfY29sdW1uIjoiaWQiLCJzaG93X2xpc3RfbGlrZV90cmVlX3ZhbGlkYXRlIjoiaWQiLCJzaG93X2xpc3RfbGlrZV90cmVlX2luZGljYXRvciI6ImlkIiwibGFuZ3VhZ2VfZmlsZV9yZWZlcmVuY2UiOiIiLCJjdXN0b21fdGFibGVfbmFtZSI6IiIsImN1c3RvbV90YWJsZV9uYW1lX2xhbmd1YWdlX3JlZmVyZW5jZSI6MCwib3JkZXJfYnkiOiJpZCIsIm9yZGVyX2J5X29yZGVyIjoiQVNDIiwibGlua19pbmRpY2F0b3IiOiJuYW1lIiwibGlzdF9saW1pdCI6IiIsInByaW1hcnlfa2V5IjoiaWQiLCJvcHRpb25fcGFuZWwiOiJXM3NpYVcxaFoyVmZjM0pqSWpvaWJXVmthV0V2ZFhCc2IyRmtYMlpwYkdWekwyUmxabUYxYkhRdWFuQm5JaXdpZFhKc0lqb2lZMjl0Y0c5dVpXNTBMMjFsYm5Vdklpd2lkbUZ5WDI1aGJXVWlPaUp0Wlc1MVgyWnBiSFJsY2oxcFpDSXNJblJ2YjJ4MGFYQWlPaUpsWkdsMFgzTmxZM1JwYjI1ZmFYUmxiWE1pZlYwPSIsImluY2x1ZGVfZmlsZSI6IiIsInRhYnMiOiIifQ==');
INSERT INTO `cu_tables` VALUES (22,'cu_menu_item_type','eyJpZCI6eyJ0eXBlIjoiSWQiLCJsYWJlbCI6ImlkIiwic2hvd0xpc3QiOjEsImluY2x1ZGVEb3dubG9hZCI6MSwicmVxdWlyZWQiOjEsImxhbmd1YWdlX2J1dHRvbiI6MH0sIm5hbWUiOnsidHlwZSI6IlRleHQiLCJsYWJlbCI6Im5hbWUiLCJzaG93TGlzdCI6MSwiaW5jbHVkZURvd25sb2FkIjoxLCJyZXF1aXJlZCI6MSwibGFuZ3VhZ2VfYnV0dG9uIjowLCJjb25maWciOiJleUowZVhCbElqb2lkR1Y0ZENKOSJ9LCJzaG93X2xpc3RfbGlrZV90cmVlIjowLCJzaG93X2xpc3RfbGlrZV90cmVlX2NvbHVtbiI6ImlkIiwic2hvd19saXN0X2xpa2VfdHJlZV92YWxpZGF0ZSI6ImlkIiwic2hvd19saXN0X2xpa2VfdHJlZV9pbmRpY2F0b3IiOiJpZCIsImxhbmd1YWdlX2ZpbGVfcmVmZXJlbmNlIjoiIiwiY3VzdG9tX3RhYmxlX25hbWUiOiIiLCJjdXN0b21fdGFibGVfbmFtZV9sYW5ndWFnZV9yZWZlcmVuY2UiOjAsIm9yZGVyX2J5IjpudWxsLCJvcmRlcl9ieV9vcmRlciI6bnVsbCwibGlua19pbmRpY2F0b3IiOiJuYW1lIiwibGlzdF9saW1pdCI6IiIsInByaW1hcnlfa2V5IjoiaWQiLCJvcHRpb25fcGFuZWwiOiIiLCJpbmNsdWRlX2ZpbGUiOiIiLCJ0YWJzIjoiIn0=');
INSERT INTO `cu_tables` VALUES (25,'cu_user_groups','eyJpZCI6eyJ0eXBlIjoiSWQiLCJsYWJlbCI6ImlkIiwic2hvd0xpc3QiOjEsImluY2x1ZGVEb3dubG9hZCI6MSwicmVxdWlyZWQiOjEsImxhbmd1YWdlX2J1dHRvbiI6MH0sIm5hbWUiOnsidHlwZSI6IlRleHQiLCJsYWJlbCI6Im5hbWUiLCJzaG93TGlzdCI6MSwiaW5jbHVkZURvd25sb2FkIjoxLCJyZXF1aXJlZCI6MSwibGFuZ3VhZ2VfYnV0dG9uIjowLCJjb25maWciOiJleUowZVhCbElqb2lkR1Y0ZENKOSJ9LCJhZG1pbl9sb2dpbiI6eyJ0eXBlIjoiU2VsZWN0IiwibGFiZWwiOiJhZG1pbl9sb2dpbiIsInNob3dMaXN0IjoxLCJpbmNsdWRlRG93bmxvYWQiOjEsInJlcXVpcmVkIjoxLCJsYW5ndWFnZV9idXR0b24iOjAsImNvbmZpZyI6ImV5SmtZWFJoSWpwYld5SXhJaXdnSW5SeWRXVWlYU3hiSWpBaUxDQWlabUZzYzJVaVhWMHNJQ0psZUhSeVlWQmhjbUZ0Y3lJNmV5SmhaR1JmWTNWemRHOXRYMmwwWlcwaU9pSXdJaXdnSW1OMWMzUnZiVjlrWVhSaElqb2lJaXdpWTNWemRHOXRYMnhoWW1Wc0lqb2lJaXdnSW14aGJtZDFZV2RsWDNKbFptVnlaVzVqWlNJNklqRWlJSDE5In0sInNpdGVfbG9naW4iOnsidHlwZSI6IlNlbGVjdCIsImxhYmVsIjoic2l0ZV9sb2dpbiIsInNob3dMaXN0IjoxLCJpbmNsdWRlRG93bmxvYWQiOjEsInJlcXVpcmVkIjoxLCJsYW5ndWFnZV9idXR0b24iOjAsImNvbmZpZyI6ImV5SmtZWFJoSWpwYld5SXhJaXdnSW5SeWRXVWlYU3hiSWpBaUxDQWlabUZzYzJVaVhWMHNJQ0psZUhSeVlWQmhjbUZ0Y3lJNmV5SmhaR1JmWTNWemRHOXRYMmwwWlcwaU9pSXdJaXdnSW1OMWMzUnZiVjlrWVhSaElqb2lJaXdpWTNWemRHOXRYMnhoWW1Wc0lqb2lJaXdnSW14aGJtZDFZV2RsWDNKbFptVnlaVzVqWlNJNklqRWlJSDE5In0sImVuYWJsZWQiOnsidHlwZSI6IlNlbGVjdCIsImxhYmVsIjoiZW5hYmxlZCIsInNob3dMaXN0IjoxLCJpbmNsdWRlRG93bmxvYWQiOjEsInJlcXVpcmVkIjoxLCJsYW5ndWFnZV9idXR0b24iOjAsImNvbmZpZyI6ImV5SmtZWFJoSWpwYld5SXhJaXdnSW5SeWRXVWlYU3hiSWpBaUxDQWlabUZzYzJVaVhWMHNJQ0psZUhSeVlWQmhjbUZ0Y3lJNmV5SmhaR1JmWTNWemRHOXRYMmwwWlcwaU9pSXdJaXdnSW1OMWMzUnZiVjlrWVhSaElqb2lJaXdpWTNWemRHOXRYMnhoWW1Wc0lqb2lJaXdnSW14aGJtZDFZV2RsWDNKbFptVnlaVzVqWlNJNklqRWlJSDE5In0sInNob3dfbGlzdF9saWtlX3RyZWUiOjAsInNob3dfbGlzdF9saWtlX3RyZWVfY29sdW1uIjoiaWQiLCJzaG93X2xpc3RfbGlrZV90cmVlX3ZhbGlkYXRlIjoiaWQiLCJzaG93X2xpc3RfbGlrZV90cmVlX2luZGljYXRvciI6ImlkIiwibGFuZ3VhZ2VfZmlsZV9yZWZlcmVuY2UiOiIiLCJjdXN0b21fdGFibGVfbmFtZSI6IiIsImN1c3RvbV90YWJsZV9uYW1lX2xhbmd1YWdlX3JlZmVyZW5jZSI6MCwib3JkZXJfYnkiOiJpZCIsIm9yZGVyX2J5X29yZGVyIjoiQVNDIiwibGlua19pbmRpY2F0b3IiOiJuYW1lIiwibGlzdF9saW1pdCI6IiIsInByaW1hcnlfa2V5IjoiaWQiLCJvcHRpb25fcGFuZWwiOiIiLCJpbmNsdWRlX2ZpbGUiOiIiLCJ0YWJzIjoiIn0=');
INSERT INTO `cu_tables` VALUES (26,'cu_users','eyJpZCI6eyJ0eXBlIjoiSWQiLCJsYWJlbCI6ImlkIiwic2hvd0xpc3QiOjEsImluY2x1ZGVEb3dubG9hZCI6MSwicmVxdWlyZWQiOjEsImxhbmd1YWdlX2J1dHRvbiI6MH0sIm5hbWUiOnsidHlwZSI6IlRleHQiLCJsYWJlbCI6Im5hbWUiLCJzaG93TGlzdCI6MSwiaW5jbHVkZURvd25sb2FkIjoxLCJyZXF1aXJlZCI6MSwibGFuZ3VhZ2VfYnV0dG9uIjowLCJjb25maWciOiJleUowZVhCbElqb2lkR1Y0ZENKOSJ9LCJlbWFpbCI6eyJ0eXBlIjoiVGV4dCIsImxhYmVsIjoiZW1haWwiLCJzaG93TGlzdCI6MSwiaW5jbHVkZURvd25sb2FkIjoxLCJyZXF1aXJlZCI6MSwibGFuZ3VhZ2VfYnV0dG9uIjowLCJjb25maWciOiJleUowZVhCbElqb2laVzFoYVd3aWZRPT0ifSwidXNlcm5hbWUiOnsidHlwZSI6IlRleHQiLCJsYWJlbCI6InVzZXJuYW1lIiwic2hvd0xpc3QiOjEsImluY2x1ZGVEb3dubG9hZCI6MSwicmVxdWlyZWQiOjEsImxhbmd1YWdlX2J1dHRvbiI6MCwiY29uZmlnIjoiZXlKMGVYQmxJam9pZEdWNGRDSjkifSwicGFzc3dvcmQiOnsidHlwZSI6IlRleHQiLCJsYWJlbCI6InBhc3N3b3JkIiwic2hvd0xpc3QiOjAsImluY2x1ZGVEb3dubG9hZCI6MCwicmVxdWlyZWQiOjEsImxhbmd1YWdlX2J1dHRvbiI6MCwiY29uZmlnIjoiZXlKMGVYQmxJam9pY0dGemMzZHZjbVFpTENKbGJtTnZaR1VpT2lKbmJHOWlZV3hmWlc1amIyUmxJaXdpYldGNGJHVnVaM1JvSWpvaUluMD0ifSwiaW1hZ2UiOnsidHlwZSI6IkZpbGUiLCJsYWJlbCI6IkltYWdlIiwic2hvd0xpc3QiOjAsImluY2x1ZGVEb3dubG9hZCI6MSwicmVxdWlyZWQiOjAsImxhbmd1YWdlX2J1dHRvbiI6MCwiY29uZmlnIjoiZXlKbWIyeGtaWElpT2lKMWMyVnlYMmx0WVdkbGN5SXNJblZ1YVhGMVpWOXVZVzFsSWpveExDSnphRzkzWDJsdFlXZGxJam94TENKa2FXMWxiblJwYjI1ZmNISnBiM0pwZEhraU9pSm9aV2xuYUhRaUxDSmthVzFsYm5ScGIyNWZhVzFoWjJVaU9pSTFNQ0lzSW1SdmQyNXNiMkZrWDJWdVlXSnNaV1FpT2pFc0luUnZiMngwYVhBaU9pSWlMQ0ozYVdSMGFDSTZJaUlzSW5KbGMybDZaU0k2Wm1Gc2MyVXNJbTFoZUY5M2FXUjBhQ0k2SWlJc0ltMWhlRjlvWldsbmFIUWlPaUlpTENKamNtOXdJanBtWVd4elpYMD0ifSwidXNlcl9ncm91cF9pZCI6eyJ0eXBlIjoiU2VsZWN0IiwibGFiZWwiOiJ1c2VyX2dyb3VwX2lkIiwic2hvd0xpc3QiOjEsImluY2x1ZGVEb3dubG9hZCI6MSwicmVxdWlyZWQiOjEsImxhbmd1YWdlX2J1dHRvbiI6MCwiY29uZmlnIjoiZXlKa1lYUmhJanA3SW5SaFlteGxYMjVoYldVaU9pSmpkVjkxYzJWeVgyZHliM1Z3Y3lJc0lDSmtZWFJoWDJOdmJIVnRiaUk2SW1sa0lpd2dJbXhoWW1Wc1gyTnZiSFZ0YmlJNkltNWhiV1VpZlN3Z0ltVjRkSEpoVUdGeVlXMXpJanA3SW1Ga1pGOWpkWE4wYjIxZmFYUmxiU0k2SWpBaUxDQWlZM1Z6ZEc5dFgyUmhkR0VpT2lJaUxDSmpkWE4wYjIxZmJHRmlaV3dpT2lJaUxDQWliR0Z1WjNWaFoyVmZjbVZtWlhKbGJtTmxJam9pTUNJZ2ZYMD0ifSwiZW5hYmxlZCI6eyJ0eXBlIjoiU2VsZWN0IiwibGFiZWwiOiJlbmFibGVkIiwic2hvd0xpc3QiOjEsImluY2x1ZGVEb3dubG9hZCI6MSwicmVxdWlyZWQiOjEsImxhbmd1YWdlX2J1dHRvbiI6MCwiY29uZmlnIjoiZXlKa1lYUmhJanBiV3lJeElpd2dJblJ5ZFdVaVhTeGJJakFpTENBaVptRnNjMlVpWFYwc0lDSmxlSFJ5WVZCaGNtRnRjeUk2ZXlKaFpHUmZZM1Z6ZEc5dFgybDBaVzBpT2lJd0lpd2dJbU4xYzNSdmJWOWtZWFJoSWpvaUlpd2lZM1Z6ZEc5dFgyeGhZbVZzSWpvaUlpd2dJbXhoYm1kMVlXZGxYM0psWm1WeVpXNWpaU0k2SWpFaUlIMTkifSwiZGF0ZV9yZWdpc3RlcmVkIjp7InR5cGUiOiJEYXRlIiwibGFiZWwiOiJEYXRlIHJlZ2lzdGVyZWQiLCJzaG93TGlzdCI6MSwiaW5jbHVkZURvd25sb2FkIjoxLCJyZXF1aXJlZCI6MSwibGFuZ3VhZ2VfYnV0dG9uIjowLCJjb25maWciOiJleUowZVhCbElqb2laR0YwWlZCcFkydGxjaUlzSW1OdmJtWnBaeUk2SW1GMWRHOWZkRzlrWVhsZmMyVnNaV04wWldRaUxDSjBiMjlzZEdsd0lqb2lJaXdpZEc5dmJIUnBjRjlzWVc1blgzSmxabVZ5Wlc1alpTSTZabUZzYzJVc0luZHBaSFJvSWpvaUlpd2laR2x6WVdKc1pTSTZabUZzYzJWOSJ9LCJzaG93X2xpc3RfbGlrZV90cmVlIjowLCJzaG93X2xpc3RfbGlrZV90cmVlX2NvbHVtbiI6ImlkIiwic2hvd19saXN0X2xpa2VfdHJlZV92YWxpZGF0ZSI6ImlkIiwic2hvd19saXN0X2xpa2VfdHJlZV9pbmRpY2F0b3IiOiJpZCIsImxhbmd1YWdlX2ZpbGVfcmVmZXJlbmNlIjoiIiwiY3VzdG9tX3RhYmxlX25hbWUiOiIiLCJjdXN0b21fdGFibGVfbmFtZV9sYW5ndWFnZV9yZWZlcmVuY2UiOjAsIm9yZGVyX2J5IjoiaWQiLCJvcmRlcl9ieV9vcmRlciI6IkFTQyIsImxpbmtfaW5kaWNhdG9yIjoibmFtZSIsImxpc3RfbGltaXQiOiIiLCJwcmltYXJ5X2tleSI6ImlkIiwib3B0aW9uX3BhbmVsIjoiIiwiaW5jbHVkZV9maWxlIjoiIiwidGFicyI6IiJ9');
INSERT INTO `cu_tables` VALUES (32,'cu_permissions_group','eyJpZCI6eyJ0eXBlIjoiSWQiLCJsYWJlbCI6IklkIiwic2hvd0xpc3QiOjEsImluY2x1ZGVEb3dubG9hZCI6MSwicmVxdWlyZWQiOjEsImxhbmd1YWdlX2J1dHRvbiI6MH0sIm5hbWUiOnsidHlwZSI6IlRleHQiLCJsYWJlbCI6Ik5hbWUiLCJzaG93TGlzdCI6MSwiaW5jbHVkZURvd25sb2FkIjoxLCJyZXF1aXJlZCI6MCwibGFuZ3VhZ2VfYnV0dG9uIjowLCJjb25maWciOiJleUowZVhCbElqb2lkR1Y0ZENJc0ltMWhlR3hsYm1kMGFDSTZJaUlzSW1ScGMyRmliR1VpT21aaGJITmxMQ0owYjI5c2RHbHdJam9pSWl3aWRHOXZiSFJwY0Y5c1lXNW5YM0psWm1WeVpXNWpaU0k2Wm1Gc2MyVXNJbmRwWkhSb0lqb2lJbjA9In0sInNob3dfbGlzdF9saWtlX3RyZWUiOjAsInNob3dfbGlzdF9saWtlX3RyZWVfY29sdW1uIjoiaWQiLCJzaG93X2xpc3RfbGlrZV90cmVlX3ZhbGlkYXRlIjoiaWQiLCJzaG93X2xpc3RfbGlrZV90cmVlX2luZGljYXRvciI6ImlkIiwibGFuZ3VhZ2VfZmlsZV9yZWZlcmVuY2UiOiIiLCJjdXN0b21fdGFibGVfbmFtZSI6IiIsImN1c3RvbV90YWJsZV9uYW1lX2xhbmd1YWdlX3JlZmVyZW5jZSI6MCwib3JkZXJfYnkiOiJpZCIsIm9yZGVyX2J5X29yZGVyIjoiQVNDIiwibGlua19pbmRpY2F0b3IiOiJuYW1lIiwibGlzdF9saW1pdCI6IiIsInByaW1hcnlfa2V5IjoiaWQiLCJvcHRpb25fcGFuZWwiOiJXM3NpYVcxaFoyVmZjM0pqSWpvaWJXVmthV0V2ZFhCc2IyRmtYMlpwYkdWekwyUmxabUYxYkhRdWFuQm5JaXdpZFhKc0lqb2lZMjl0Y0c5dVpXNTBMM1JoWW14bFgyMWhibUZuWlhJdmRtbGxkeTlqZFY5d1pYSnRhWE56YVc5dWN5OGlMQ0oyWVhKZmJtRnRaU0k2SW1acGJIUmxjbDluY205MWNEMXBaQ1puY205MWNEMXBaQ0lzSW5SdmIyeDBhWEFpT2lKQlpHUWdjR1Z5YldsemMybHZiaUo5WFE9PSIsImluY2x1ZGVfZmlsZSI6IiIsInRhYnMiOiIifQ==');
INSERT INTO `cu_tables` VALUES (33,'cu_permissions_values','eyJpZCI6eyJ0eXBlIjoiSWQiLCJsYWJlbCI6IklkIiwic2hvd0xpc3QiOjEsImluY2x1ZGVEb3dubG9hZCI6MSwicmVxdWlyZWQiOjEsImxhbmd1YWdlX2J1dHRvbiI6MH0sInZhbHVlIjp7InR5cGUiOiJUZXh0IiwibGFiZWwiOiJWYWx1ZSIsInNob3dMaXN0IjoxLCJpbmNsdWRlRG93bmxvYWQiOjEsInJlcXVpcmVkIjowLCJsYW5ndWFnZV9idXR0b24iOjAsImNvbmZpZyI6ImV5SjBlWEJsSWpvaWRHVjRkQ0lzSW0xaGVHeGxibWQwYUNJNklpSXNJbVJwYzJGaWJHVWlPbVpoYkhObExDSjBiMjlzZEdsd0lqb2lJaXdpZEc5dmJIUnBjRjlzWVc1blgzSmxabVZ5Wlc1alpTSTZabUZzYzJVc0luZHBaSFJvSWpvaUluMD0ifSwicGVybWlzc2lvbiI6eyJ0eXBlIjoiU2VsZWN0IiwibGFiZWwiOiJQZXJtaXNzaW9uIiwic2hvd0xpc3QiOjEsImluY2x1ZGVEb3dubG9hZCI6MSwicmVxdWlyZWQiOjAsImxhbmd1YWdlX2J1dHRvbiI6MCwiY29uZmlnIjoiZXlKa1lYUmhJanA3SW5SaFlteGxYMjVoYldVaU9pSmpkVjl3WlhKdGFYTnphVzl1Y3lJc0ltUmhkR0ZmWTI5c2RXMXVJam9pYVdRaUxDSnNZV0psYkY5amIyeDFiVzRpT2lKdVlXMWxJaXdpZDJobGNtVmZZMjlzZFcxdUlqb2lJaXdpYm1WemRHVmtYMk52YkhWdGJpSTZJaUlzSW5CaGNtVnVkRjlqYjJ4MWJXNGlPaUlpTENKa2FXNWhiV2xqWDNWd1pHRjBaVjltYVdWc1pDSTZJaUlzSW1ScGJtRnRhV05mZFhCa1lYUmxYMk52YkhWdGJpSTZJaUo5TENKbGVIUnlZVkJoY21GdGN5STZleUpoWkdSZlkzVnpkRzl0WDJsMFpXMGlPakFzSW1OMWMzUnZiVjlrWVhSaElqb2lJaXdpWTNWemRHOXRYMnhoWW1Wc0lqb2lJaXdpYm05ZmRISmhibk5zWVhSbElqcG1ZV3h6WlN3aWQybGtkR2dpT2lJaWZTd2lkRzl2YkhScGNDSTZJaUo5In0sInNob3dfbGlzdF9saWtlX3RyZWUiOjAsInNob3dfbGlzdF9saWtlX3RyZWVfY29sdW1uIjoiaWQiLCJzaG93X2xpc3RfbGlrZV90cmVlX3ZhbGlkYXRlIjoiaWQiLCJzaG93X2xpc3RfbGlrZV90cmVlX2luZGljYXRvciI6ImlkIiwibGFuZ3VhZ2VfZmlsZV9yZWZlcmVuY2UiOiIiLCJjdXN0b21fdGFibGVfbmFtZSI6IiIsImN1c3RvbV90YWJsZV9uYW1lX2xhbmd1YWdlX3JlZmVyZW5jZSI6MCwib3JkZXJfYnkiOiJpZCIsIm9yZGVyX2J5X29yZGVyIjoiQVNDIiwibGlua19pbmRpY2F0b3IiOiJ2YWx1ZSIsImxpc3RfbGltaXQiOiIiLCJwcmltYXJ5X2tleSI6ImlkIiwib3B0aW9uX3BhbmVsIjoiIiwiaW5jbHVkZV9maWxlIjoiIiwidGFicyI6IiJ9');
INSERT INTO `cu_tables` VALUES (34,'cu_views','eyJpZCI6eyJ0eXBlIjoiSWQiLCJsYWJlbCI6IklkIiwic2hvd0xpc3QiOjEsImluY2x1ZGVEb3dubG9hZCI6MSwicmVxdWlyZWQiOjEsImxhbmd1YWdlX2J1dHRvbiI6MH0sIm5hbWUiOnsidHlwZSI6IlRleHQiLCJsYWJlbCI6Ik5hbWUiLCJzaG93TGlzdCI6MSwiaW5jbHVkZURvd25sb2FkIjoxLCJyZXF1aXJlZCI6MSwibGFuZ3VhZ2VfYnV0dG9uIjowLCJjb25maWciOiJleUowZVhCbElqb2lkR1Y0ZENJc0ltMWhlR3hsYm1kMGFDSTZJaUlzSW1ScGMyRmliR1VpT21aaGJITmxMQ0owYjI5c2RHbHdJam9pSWl3aWRHOXZiSFJwY0Y5c1lXNW5YM0psWm1WeVpXNWpaU0k2Wm1Gc2MyVXNJbmRwWkhSb0lqb2lJbjA9In0sImRlc2NyaXB0aW9uIjp7InR5cGUiOiJUZXh0QXJlYSIsImxhYmVsIjoiRGVzY3JpcHRpb24iLCJzaG93TGlzdCI6MSwiaW5jbHVkZURvd25sb2FkIjoxLCJyZXF1aXJlZCI6MCwibGFuZ3VhZ2VfYnV0dG9uIjowLCJjb25maWciOiJleUpsWkdsMGIzSWlPaUp1YjI1bElpd2lkMmxrZEdnaU9pSTBNREJ3ZUNJc0ltaGxhV2RvZENJNklqRXdNSEI0SWl3aWMzUjViR1Z6WDJOemN5STZJaUlzSW5SbGJYQnNZWFJsWDJ4cGMzUWlPaUlpZlE9PSJ9LCJmaWxlX3BhdGgiOnsidHlwZSI6IlRleHQiLCJsYWJlbCI6IkZpbGUgcGF0aCIsInNob3dMaXN0IjoxLCJpbmNsdWRlRG93bmxvYWQiOjEsInJlcXVpcmVkIjowLCJsYW5ndWFnZV9idXR0b24iOjAsImNvbmZpZyI6ImV5SjBlWEJsSWpvaWRHVjRkQ0lzSW0xaGVHeGxibWQwYUNJNklpSXNJbVJwYzJGaWJHVWlPbVpoYkhObExDSjBiMjlzZEdsd0lqb2lJaXdpZEc5dmJIUnBjRjlzWVc1blgzSmxabVZ5Wlc1alpTSTZabUZzYzJVc0luZHBaSFJvSWpvaUluMD0ifSwic2NyZWVuIjp7InR5cGUiOiJGaWxlIiwibGFiZWwiOiJTY3JlZW4iLCJzaG93TGlzdCI6MSwiaW5jbHVkZURvd25sb2FkIjoxLCJyZXF1aXJlZCI6MCwibGFuZ3VhZ2VfYnV0dG9uIjowLCJjb25maWciOiJleUptYjJ4a1pYSWlPaUp0WldScFlTOTFjR3h2WVdSZlptbHNaWE1pTENKMWJtbHhkV1ZmYm1GdFpTSTZNQ3dpYzJodmQxOXBiV0ZuWlNJNk1Td2laR2x0Wlc1MGFXOXVYM0J5YVc5eWFYUjVJam9pYUdWcFoyaDBJaXdpWkdsdFpXNTBhVzl1WDJsdFlXZGxJam9pTVRBd0lpd2laRzkzYm14dllXUmZaVzVoWW14bFpDSTZNU3dpWkdsellXSnNaU0k2Wm1Gc2MyVXNJblJ2YjJ4MGFYQWlPaUlpTENKMGIyOXNkR2x3WDJ4aGJtZGZjbVZtWlhKbGJtTmxJanBtWVd4elpTd2lkMmxrZEdnaU9pSWlmUT09In0sInNob3dfbGlzdF9saWtlX3RyZWUiOjAsInNob3dfbGlzdF9saWtlX3RyZWVfY29sdW1uIjoiaWQiLCJzaG93X2xpc3RfbGlrZV90cmVlX3ZhbGlkYXRlIjoiaWQiLCJzaG93X2xpc3RfbGlrZV90cmVlX2luZGljYXRvciI6ImlkIiwibGFuZ3VhZ2VfZmlsZV9yZWZlcmVuY2UiOiIiLCJjdXN0b21fdGFibGVfbmFtZSI6IiIsImN1c3RvbV90YWJsZV9uYW1lX2xhbmd1YWdlX3JlZmVyZW5jZSI6MCwib3JkZXJfYnkiOiJpZCIsIm9yZGVyX2J5X29yZGVyIjoiQVNDIiwibGlua19pbmRpY2F0b3IiOiJuYW1lIiwibGlzdF9saW1pdCI6IiIsInByaW1hcnlfa2V5IjoiaWQiLCJvcHRpb25fcGFuZWwiOiIiLCJpbmNsdWRlX2ZpbGUiOiIiLCJ0YWJzIjoiIn0=');
INSERT INTO `cu_tables` VALUES (35,'cu_permissions_data','eyJpZCI6eyJ0eXBlIjoiSWQiLCJsYWJlbCI6IklkIiwibGFuZ1JlZmVyZW5jZSI6MCwic2hvd0xpc3QiOjEsImluY2x1ZGVEb3dubG9hZCI6MSwicmVxdWlyZWQiOjF9LCJncm91cCI6eyJ0eXBlIjoiU2VsZWN0IiwibGFiZWwiOiJHcm91cCIsImxhbmdSZWZlcmVuY2UiOjAsInNob3dMaXN0IjoxLCJpbmNsdWRlRG93bmxvYWQiOjEsInJlcXVpcmVkIjowLCJjb25maWciOiJleUprWVhSaElqcDdJblJoWW14bFgyNWhiV1VpT2lKamRWOXdaWEp0YVhOemFXOXVjMTluY205MWNDSXNJbVJoZEdGZlkyOXNkVzF1SWpvaWFXUWlMQ0pzWVdKbGJGOWpiMngxYlc0aU9pSnVZVzFsSWl3aWQyaGxjbVZmWTI5c2RXMXVJam9pSWl3aWJtVnpkR1ZrWDJOdmJIVnRiaUk2SWlJc0luQmhjbVZ1ZEY5amIyeDFiVzRpT2lJaWZTd2laWGgwY21GUVlYSmhiWE1pT25zaWJHRnVaM1ZoWjJWZmNtVm1aWEpsYm1ObElqcG1ZV3h6WlN3aVlXUmtYMk4xYzNSdmJWOXBkR1Z0SWpvd0xDSmpkWE4wYjIxZlpHRjBZU0k2SWlJc0ltTjFjM1J2YlY5c1lXSmxiQ0k2SWlJc0luZHBaSFJvSWpvaUluMHNJblJ2YjJ4MGFYQWlPaUlpTENKMGIyOXNkR2x3WDJ4aGJtZGZjbVZtWlhKbGJtTmxJanBtWVd4elpYMD0ifSwicmVmZXJlbmNlIjp7InR5cGUiOiJUZXh0IiwibGFiZWwiOiJSZWZlcmVuY2UiLCJsYW5nUmVmZXJlbmNlIjowLCJzaG93TGlzdCI6MSwiaW5jbHVkZURvd25sb2FkIjoxLCJyZXF1aXJlZCI6MCwiY29uZmlnIjoiZXlKMGVYQmxJam9pZEdWNGRDSXNJbTFoZUd4bGJtZDBhQ0k2SWlJc0ltUnBjMkZpYkdVaU9tWmhiSE5sTENKMGIyOXNkR2x3SWpvaUlpd2lkRzl2YkhScGNGOXNZVzVuWDNKbFptVnlaVzVqWlNJNlptRnNjMlVzSW5kcFpIUm9Jam9pSWl3aVpHVm1ZWFZzZENJNklpSjkifSwiZGF0YSI6eyJ0eXBlIjoiVGV4dEFyZWEiLCJsYWJlbCI6IkRhdGEiLCJsYW5nUmVmZXJlbmNlIjowLCJzaG93TGlzdCI6MCwiaW5jbHVkZURvd25sb2FkIjoxLCJyZXF1aXJlZCI6MCwiY29uZmlnIjoiZXlKbFpHbDBiM0lpT2lKcWMyOXVaV1JwZEc5eUlpd2lkMmxrZEdnaU9pSTRNakZ3ZUNJc0ltaGxhV2RvZENJNklqSXhOM0I0SWl3aWMzUjViR1Z6WDJOemN5STZJaUlzSW5SbGJYQnNZWFJsWDJ4cGMzUWlPaUlpTENKbWIyeGtaWElpT2lKdFpXUnBZUzkxY0d4dllXUmZabWxzWlhNaUxDSmlZWE5sWHpZMFgyVnVZMjlrWlNJNmRISjFaWDA9In0sInNob3dfbGlzdF9saWtlX3RyZWUiOjAsInNob3dfbGlzdF9saWtlX3RyZWVfY29sdW1uIjoiaWQiLCJzaG93X2xpc3RfbGlrZV90cmVlX3ZhbGlkYXRlIjoiaWQiLCJzaG93X2xpc3RfbGlrZV90cmVlX2luZGljYXRvciI6ImlkIiwibGFuZ3VhZ2VfZmlsZV9yZWZlcmVuY2UiOiIiLCJjdXN0b21fdGFibGVfbmFtZSI6IiIsImN1c3RvbV90YWJsZV9uYW1lX2xhbmd1YWdlX3JlZmVyZW5jZSI6MCwib3JkZXJfYnkiOiJpZCIsIm9yZGVyX2J5X29yZGVyIjoiQVNDIiwibGlzdF9saW1pdCI6IiIsInByaW1hcnlfa2V5IjoiaWQiLCJvcHRpb25fcGFuZWwiOiIiLCJpbmNsdWRlX2ZpbGUiOiJXMTA9In0=');
INSERT INTO `cu_tables` VALUES (36,'cu_language_rich_content','eyJpZCI6eyJ0eXBlIjoiSWQiLCJsYWJlbCI6IklkIiwic2hvd0xpc3QiOjEsImluY2x1ZGVEb3dubG9hZCI6MSwicmVxdWlyZWQiOjEsImxhbmd1YWdlX2J1dHRvbiI6MH0sImxhYmVsIjp7InR5cGUiOiJUZXh0IiwibGFiZWwiOiJMYWJlbCIsInNob3dMaXN0IjoxLCJpbmNsdWRlRG93bmxvYWQiOjEsInJlcXVpcmVkIjoxLCJsYW5ndWFnZV9idXR0b24iOjAsImNvbmZpZyI6ImV5SjBlWEJsSWpvaWRHVjRkQ0lzSW0xaGVHeGxibWQwYUNJNklpSXNJblJ2YjJ4MGFYQWlPaUlpTENKM2FXUjBhQ0k2SWlJc0ltUmxabUYxYkhRaU9pSWlmUT09In0sImxhbmd1YWdlIjp7InR5cGUiOiJMYW5ndWFnZV9TZWxlY3RvciIsImxhYmVsIjoiTGFuZ3VhZ2UiLCJzaG93TGlzdCI6MSwiaW5jbHVkZURvd25sb2FkIjoxLCJyZXF1aXJlZCI6MCwibGFuZ3VhZ2VfYnV0dG9uIjowfSwiY29udGVudCI6eyJ0eXBlIjoiVGV4dEFyZWEiLCJsYWJlbCI6IkNvbnRlbnQiLCJzaG93TGlzdCI6MCwiaW5jbHVkZURvd25sb2FkIjowLCJyZXF1aXJlZCI6MCwibGFuZ3VhZ2VfYnV0dG9uIjowLCJjb25maWciOiJleUpsWkdsMGIzSWlPaUowYVc1NWJXTmxJaXdpZDJsa2RHZ2lPaUl4TURBbElpd2lhR1ZwWjJoMElqb2lOVEF3Y0hnaUxDSnpkSGxzWlhOZlkzTnpJam9pTGk0dlkzTnpMM04wZVd4bGN5NWpjM01pTENKMFpXMXdiR0YwWlY5c2FYTjBJam9pYW5NdmRHbHVlVjl0WTJVdmRHVnRjR3hoZEdWekwzUmxiWEJzWVhSbGN5NXFjeUlzSW1admJHUmxjaUk2SW5Wd2JHOWhaRjltYVd4bGN5SXNJbUpoYzJWZk5qUmZaVzVqYjJSbElqcG1ZV3h6WlN3aVpXUnBkRzl5WDIxdlpHVWlPaUpvZEcxc0lpd2liV0Y0YkdWdVozUm9Jam9pSWl3aWRHOXZiSFJwY0NJNklpSjkifSwic2hvd19saXN0X2xpa2VfdHJlZSI6MCwic2hvd19saXN0X2xpa2VfdHJlZV9jb2x1bW4iOiJpZCIsInNob3dfbGlzdF9saWtlX3RyZWVfdmFsaWRhdGUiOiJpZCIsInNob3dfbGlzdF9saWtlX3RyZWVfaW5kaWNhdG9yIjoiaWQiLCJsYW5ndWFnZV9maWxlX3JlZmVyZW5jZSI6IiIsImN1c3RvbV90YWJsZV9uYW1lIjoiIiwiY3VzdG9tX3RhYmxlX25hbWVfbGFuZ3VhZ2VfcmVmZXJlbmNlIjowLCJvcmRlcl9ieSI6ImlkIiwib3JkZXJfYnlfb3JkZXIiOiJBU0MiLCJsaW5rX2luZGljYXRvciI6ImxhYmVsIiwibGlzdF9saW1pdCI6IiIsInByaW1hcnlfa2V5IjoiaWQiLCJvcHRpb25fcGFuZWwiOiIiLCJpbmNsdWRlX2ZpbGUiOiIiLCJ0YWJzIjoiIn0=');
INSERT INTO `cu_tables` VALUES (37,'cu_countries','eyJpZCI6eyJ0eXBlIjoiSWQiLCJsYWJlbCI6IklkIiwic2hvd0xpc3QiOjEsImluY2x1ZGVEb3dubG9hZCI6MSwicmVxdWlyZWQiOjEsImxhbmd1YWdlX2J1dHRvbiI6MH0sImNvZGUiOnsidHlwZSI6IlRleHQiLCJsYWJlbCI6IkNvZGUiLCJzaG93TGlzdCI6MSwiaW5jbHVkZURvd25sb2FkIjoxLCJyZXF1aXJlZCI6MSwibGFuZ3VhZ2VfYnV0dG9uIjowLCJjb25maWciOiJleUowZVhCbElqb2lkR1Y0ZENJc0ltMWhlR3hsYm1kMGFDSTZJaUlzSW5SdmIyeDBhWEFpT2lJaUxDSjNhV1IwYUNJNklpSXNJbVJsWm1GMWJIUWlPaUlpZlE9PSJ9LCJuYW1lIjp7InR5cGUiOiJUZXh0IiwibGFiZWwiOiJOYW1lIiwic2hvd0xpc3QiOjEsImluY2x1ZGVEb3dubG9hZCI6MSwicmVxdWlyZWQiOjEsImxhbmd1YWdlX2J1dHRvbiI6MCwiY29uZmlnIjoiZXlKMGVYQmxJam9pZEdWNGRDSXNJbTFoZUd4bGJtZDBhQ0k2SWlJc0luUnZiMngwYVhBaU9pSWlMQ0ozYVdSMGFDSTZJaUlzSW1SbFptRjFiSFFpT2lJaWZRPT0ifSwiZGVmYXVsdF9sYW5ndWFnZSI6eyJ0eXBlIjoiTGFuZ3VhZ2VfU2VsZWN0b3IiLCJsYWJlbCI6IkRlZmF1bHQgbGFuZ3VhZ2UiLCJzaG93TGlzdCI6MSwiaW5jbHVkZURvd25sb2FkIjoxLCJyZXF1aXJlZCI6MCwibGFuZ3VhZ2VfYnV0dG9uIjowLCJjb25maWciOiJleUp0ZFd4MGFWTmxiR1ZqZENJNlptRnNjMlVzSW1obGFXZG9kQ0k2SWlJc0luZHBaSFJvSWpvaUlpd2lkRzl2YkhScGNDSTZJaUo5In0sImF2YWlsYWJsZV9sYW5ndWFnZXMiOnsidHlwZSI6Ikxhbmd1YWdlX1NlbGVjdG9yIiwibGFiZWwiOiJBdmFpbGFibGUgbGFuZ3VhZ2VzIiwic2hvd0xpc3QiOjEsImluY2x1ZGVEb3dubG9hZCI6MSwicmVxdWlyZWQiOjAsImxhbmd1YWdlX2J1dHRvbiI6MCwiY29uZmlnIjoiZXlKdGRXeDBhVk5sYkdWamRDSTZkSEoxWlN3aWFHVnBaMmgwSWpvaU5TSXNJbmRwWkhSb0lqb2lJaXdpZEc5dmJIUnBjQ0k2SWlKOSJ9LCJlbmFibGVkIjp7InR5cGUiOiJTZWxlY3QiLCJsYWJlbCI6IkVuYWJsZWQiLCJzaG93TGlzdCI6MSwiaW5jbHVkZURvd25sb2FkIjoxLCJyZXF1aXJlZCI6MCwibGFuZ3VhZ2VfYnV0dG9uIjowLCJjb25maWciOiJleUprWVhSaElqcGJXeUl4SWl3aWRISjFaU0pkTEZzaU1DSXNJbVpoYkhObElsMWRMQ0psZUhSeVlWQmhjbUZ0Y3lJNmV5SmhaR1JmWTNWemRHOXRYMmwwWlcwaU9qQXNJbU4xYzNSdmJWOWtZWFJoSWpvaUlpd2lZM1Z6ZEc5dFgyeGhZbVZzSWpvaUlpd2libTlmZEhKaGJuTnNZWFJsSWpwbVlXeHpaU3dpZDJsa2RHZ2lPaUlpZlN3aWRHOXZiSFJwY0NJNklpSjkifSwic2hvd19saXN0X2xpa2VfdHJlZSI6MCwic2hvd19saXN0X2xpa2VfdHJlZV9jb2x1bW4iOiJpZCIsInNob3dfbGlzdF9saWtlX3RyZWVfdmFsaWRhdGUiOiJpZCIsInNob3dfbGlzdF9saWtlX3RyZWVfaW5kaWNhdG9yIjoiaWQiLCJsYW5ndWFnZV9maWxlX3JlZmVyZW5jZSI6IiIsImN1c3RvbV90YWJsZV9uYW1lIjoiIiwiY3VzdG9tX3RhYmxlX25hbWVfbGFuZ3VhZ2VfcmVmZXJlbmNlIjowLCJvcmRlcl9ieSI6ImlkIiwib3JkZXJfYnlfb3JkZXIiOiJBU0MiLCJsaW5rX2luZGljYXRvciI6Im5hbWUiLCJsaXN0X2xpbWl0IjoiIiwicHJpbWFyeV9rZXkiOiJpZCIsIm9wdGlvbl9wYW5lbCI6IiIsImluY2x1ZGVfZmlsZSI6IiIsInRhYnMiOiIifQ==');
INSERT INTO `cu_tables` VALUES (38,'ex_content','eyJpZCI6eyJ0eXBlIjoiSWQiLCJsYWJlbCI6IklkIiwic2hvd0xpc3QiOjEsImluY2x1ZGVEb3dubG9hZCI6MSwicmVxdWlyZWQiOjEsImxhbmd1YWdlX2J1dHRvbiI6MH0sIm5hbWUiOnsidHlwZSI6IlRleHQiLCJsYWJlbCI6Ik5hbWUiLCJzaG93TGlzdCI6MSwiaW5jbHVkZURvd25sb2FkIjoxLCJyZXF1aXJlZCI6MCwibGFuZ3VhZ2VfYnV0dG9uIjowLCJjb25maWciOiJleUowZVhCbElqb2lkR1Y0ZENJc0ltMWhlR3hsYm1kMGFDSTZJaUlzSW5SdmIyeDBhWEFpT2lJaUxDSjNhV1IwYUNJNklpSXNJbVJsWm1GMWJIUWlPaUlpZlE9PSJ9LCJjbGFzc2VzIjp7InR5cGUiOiJUZXh0IiwibGFiZWwiOiJDbGFzc2VzIiwic2hvd0xpc3QiOjAsImluY2x1ZGVEb3dubG9hZCI6MCwicmVxdWlyZWQiOjAsImxhbmd1YWdlX2J1dHRvbiI6MCwiY29uZmlnIjoiZXlKMGVYQmxJam9pZEdGbmN5SXNJbTFoZUd4bGJtZDBhQ0k2SWlJc0luUnZiMngwYVhBaU9pSkRiMjUwWVdsdVpYSWdZMnhoYzNObGN5SXNJbmRwWkhSb0lqb2lNVEF3SlNJc0ltUmxabUYxYkhRaU9pSW5ZMnhoYzNOZkp5NTBhVzFsS0NrdWJYUmZjbUZ1WkNneExEazVPU2t1WENJc1hDSXVKMmx1Ym1WeVh5Y3VkR2x0WlNncExtMTBYM0poYm1Rb01TdzVPVGtwSW4wPSJ9LCJjb250ZW50Ijp7InR5cGUiOiJUZXh0QXJlYSIsImxhYmVsIjoiQ29udGVudCIsInNob3dMaXN0IjowLCJpbmNsdWRlRG93bmxvYWQiOjEsInJlcXVpcmVkIjowLCJsYW5ndWFnZV9idXR0b24iOjAsImNvbmZpZyI6ImV5SmxaR2wwYjNJaU9pSjBhVzU1YldObElpd2lkMmxrZEdnaU9pSXhNREFsSWl3aWFHVnBaMmgwSWpvaU5UVXdjSGdpTENKemRIbHNaWE5mWTNOeklqb2lMaTR2WTNOekwzTjBlV3hsY3k1amMzTWlMQ0owWlcxd2JHRjBaVjlzYVhOMElqb2lhbk12ZEdsdWVWOXRZMlV2ZEdWdGNHeGhkR1Z6TDNSbGJYQnNZWFJsY3k1cWN5SXNJbVp2YkdSbGNpSTZJbU52Ym5SbGJuUWlMQ0ppWVhObFh6WTBYMlZ1WTI5a1pTSTZabUZzYzJVc0ltVmthWFJ2Y2w5dGIyUmxJam9pYUhSdGJDSXNJbTFoZUd4bGJtZDBhQ0k2SWlJc0luUnZiMngwYVhBaU9pSWlmUT09In0sImFuY2hvciI6eyJ0eXBlIjoiVGV4dCIsImxhYmVsIjoiQW5jaG9yIiwic2hvd0xpc3QiOjAsImluY2x1ZGVEb3dubG9hZCI6MCwicmVxdWlyZWQiOjAsImxhbmd1YWdlX2J1dHRvbiI6MCwiY29uZmlnIjoiZXlKMGVYQmxJam9pZEdWNGRDSXNJbTFoZUd4bGJtZDBhQ0k2SWlJc0luUnZiMngwYVhBaU9pSWlMQ0ozYVdSMGFDSTZJaUlzSW1SbFptRjFiSFFpT2lJaWZRPT0ifSwicmVnaW9uIjp7InR5cGUiOiJUZXh0IiwibGFiZWwiOiJSZWdpb24iLCJzaG93TGlzdCI6MCwiaW5jbHVkZURvd25sb2FkIjoxLCJyZXF1aXJlZCI6MCwibGFuZ3VhZ2VfYnV0dG9uIjowLCJjb25maWciOiJleUowZVhCbElqb2lkR1Y0ZENJc0ltMWhlR3hsYm1kMGFDSTZJaUlzSW5SdmIyeDBhWEFpT2lJaUxDSjNhV1IwYUNJNklpSXNJbVJsWm1GMWJIUWlPaUlpZlE9PSJ9LCJsYW5ndWFnZSI6eyJ0eXBlIjoiTGFuZ3VhZ2VfU2VsZWN0b3IiLCJsYWJlbCI6Ikxhbmd1YWdlIiwic2hvd0xpc3QiOjEsImluY2x1ZGVEb3dubG9hZCI6MSwicmVxdWlyZWQiOjAsImxhbmd1YWdlX2J1dHRvbiI6MCwiY29uZmlnIjoiZXlKdGRXeDBhVk5sYkdWamRDSTZabUZzYzJVc0ltaGxhV2RvZENJNklqRWlMQ0ozYVdSMGFDSTZJaUlzSW5SdmIyeDBhWEFpT2lJaWZRPT0ifSwiY291bnRyaWVzIjp7InR5cGUiOiJTZWxlY3RfTGlzdCIsImxhYmVsIjoiQ291bnRyaWVzIiwic2hvd0xpc3QiOjEsImluY2x1ZGVEb3dubG9hZCI6MSwicmVxdWlyZWQiOjAsImxhbmd1YWdlX2J1dHRvbiI6MCwiY29uZmlnIjoiZXlKa1lYUmhJanA3SW5SaFlteGxYMjVoYldVaU9pSmpkVjlqYjNWdWRISnBaWE1pTENKa1lYUmhYMk52YkhWdGJpSTZJbU52WkdVaUxDSnNZV0psYkY5amIyeDFiVzRpT2lKdVlXMWxJaXdpZDJobGNtVmZZMjlzZFcxdUlqb2lJaXdpYm1WemRHVmtYMk52YkhWdGJpSTZJaUlzSW5CaGNtVnVkRjlqYjJ4MWJXNGlPaUlpTENKcGJtbDBYMmxrSWpvaUlpd2laR2x1WVcxcFkxOTFjR1JoZEdWZlptbGxiR1FpT2lJaUxDSmthVzVoYldsalgzVndaR0YwWlY5amIyeDFiVzRpT2lJaWZTd2laWGgwY21GUVlYSmhiWE1pT25zaWJYVnNkR2xUWld4bFkzUWlPakVzSW0xcGNuSnZja3hwYzNRaU9qQXNJbXhwYzNSSVpXbG5hSFFpT2lJM0lpd2lZV1JrWDJOMWMzUnZiVjlwZEdWdElqb3dMQ0pqZFhOMGIyMWZaR0YwWVNJNklpSXNJbU4xYzNSdmJWOXNZV0psYkNJNklpSXNJbTV2WDNSeVlXNXpiR0YwWlNJNlptRnNjMlVzSW5kcFpIUm9Jam9pSW4wc0luUnZiMngwYVhBaU9pSWlmUT09In0sImNvdW50cmllc19ub3QiOnsidHlwZSI6IlNlbGVjdF9MaXN0IiwibGFiZWwiOiJIaWRkZW4gaW4iLCJzaG93TGlzdCI6MSwiaW5jbHVkZURvd25sb2FkIjoxLCJyZXF1aXJlZCI6MCwibGFuZ3VhZ2VfYnV0dG9uIjowLCJjb25maWciOiJleUprWVhSaElqcDdJblJoWW14bFgyNWhiV1VpT2lKamRWOWpiM1Z1ZEhKcFpYTWlMQ0prWVhSaFgyTnZiSFZ0YmlJNkltTnZaR1VpTENKc1lXSmxiRjlqYjJ4MWJXNGlPaUp1WVcxbElpd2lkMmhsY21WZlkyOXNkVzF1SWpvaUlpd2libVZ6ZEdWa1gyTnZiSFZ0YmlJNklpSXNJbkJoY21WdWRGOWpiMngxYlc0aU9pSWlMQ0pwYm1sMFgybGtJam9pSWl3aVpHbHVZVzFwWTE5MWNHUmhkR1ZmWm1sbGJHUWlPaUlpTENKa2FXNWhiV2xqWDNWd1pHRjBaVjlqYjJ4MWJXNGlPaUlpZlN3aVpYaDBjbUZRWVhKaGJYTWlPbnNpYlhWc2RHbFRaV3hsWTNRaU9qRXNJbTFwY25KdmNreHBjM1FpT2pBc0lteHBjM1JJWldsbmFIUWlPaUkzSWl3aVlXUmtYMk4xYzNSdmJWOXBkR1Z0SWpvd0xDSmpkWE4wYjIxZlpHRjBZU0k2SWlJc0ltTjFjM1J2YlY5c1lXSmxiQ0k2SWlJc0ltNXZYM1J5WVc1emJHRjBaU0k2Wm1Gc2MyVXNJbmRwWkhSb0lqb2lJbjBzSW5SdmIyeDBhWEFpT2lJaWZRPT0ifSwiZW5hYmxlZCI6eyJ0eXBlIjoiU2VsZWN0IiwibGFiZWwiOiJFbmFibGVkIiwic2hvd0xpc3QiOjEsImluY2x1ZGVEb3dubG9hZCI6MSwicmVxdWlyZWQiOjAsImxhbmd1YWdlX2J1dHRvbiI6MCwiY29uZmlnIjoiZXlKa1lYUmhJanBiV3lJeElpd2lkSEoxWlNKZExGc2lNQ0lzSW1aaGJITmxJbDFkTENKbGVIUnlZVkJoY21GdGN5STZleUpoWkdSZlkzVnpkRzl0WDJsMFpXMGlPakFzSW1OMWMzUnZiVjlrWVhSaElqb2lJaXdpWTNWemRHOXRYMnhoWW1Wc0lqb2lJaXdpYm05ZmRISmhibk5zWVhSbElqcG1ZV3h6WlN3aWQybGtkR2dpT2lJaWZTd2lkRzl2YkhScGNDSTZJaUo5In0sInNob3dfbGlzdF9saWtlX3RyZWUiOjAsInNob3dfbGlzdF9saWtlX3RyZWVfY29sdW1uIjoiaWQiLCJzaG93X2xpc3RfbGlrZV90cmVlX3ZhbGlkYXRlIjoiaWQiLCJzaG93X2xpc3RfbGlrZV90cmVlX2luZGljYXRvciI6ImlkIiwibGFuZ3VhZ2VfZmlsZV9yZWZlcmVuY2UiOiIiLCJjdXN0b21fdGFibGVfbmFtZSI6IiIsImN1c3RvbV90YWJsZV9uYW1lX2xhbmd1YWdlX3JlZmVyZW5jZSI6MCwib3JkZXJfYnkiOiJpZCIsIm9yZGVyX2J5X29yZGVyIjoiQVNDIiwibGlua19pbmRpY2F0b3IiOiJuYW1lIiwibGlzdF9saW1pdCI6IiIsInByaW1hcnlfa2V5IjoiaWQiLCJvcHRpb25fcGFuZWwiOiJXM3NpYVcxaFoyVmZjM0pqSWpvaWJXVmthV0V2ZFhCc2IyRmtYMlpwYkdWekwyUmxabUYxYkhRdWFuQm5JaXdpZFhKc0lqb2lZMjl0Y0c5dVpXNTBMM1JoWW14bFgyMWhibUZuWlhJdmRtbGxkeTlsZUY5amIyNTBaVzUwWDJKNVgzTmxZM1JwYjI1eklpd2lkbUZ5WDI1aGJXVWlPaUlpTENKMGIyOXNkR2x3SWpvaVlXUmtYM1J2WDNObFkzUnBiMjRpZlYwPSIsImluY2x1ZGVfZmlsZSI6Ilczc2ljR0YwYUNJNklpTmhaRzFwYm1semRISmhkRzl5SXk5bGVIUmxibk5wYjI1ekwyTnZiblJsYm5RdllXUnRhVzR2YkdsemRDNXdhSEFpTENKaFpHUmZkRzhpT2lKc2FYTjBJaXdpY0c5emFYUnBiMjRpT2lKbGJtUWlmVjA9IiwidGFicyI6ImV5SnBibVp2SWpwYmV5SjBZV0pmYm1GdFpTSTZJa2RsYm1WeVlXd2lMQ0owWVdKZlptbGxiR1J6SWpwYkltbGtJaXdpYm1GdFpTSXNJbVZ1WVdKc1pXUWlYWDBzZXlKMFlXSmZibUZ0WlNJNklrTnZiblJsYm5RaUxDSjBZV0pmWm1sbGJHUnpJanBiSW1Oc1lYTnpaWE1pTENKamIyNTBaVzUwSWwxOUxIc2lkR0ZpWDI1aGJXVWlPaUpEYjI1bWFXZDFjbUYwYVc5dUlpd2lkR0ZpWDJacFpXeGtjeUk2V3lKaGJtTm9iM0lpTENKeVpXZHBiMjRpTENKc1lXNW5kV0ZuWlNJc0ltTnZkVzUwY21sbGN5SXNJbU52ZFc1MGNtbGxjMTl1YjNRaVhYMWRMQ0ptYVdWc1pITmZkR0ZpSWpwN0ltbGtJam9pUjJWdVpYSmhiQ0lzSW01aGJXVWlPaUpIWlc1bGNtRnNJaXdpWlc1aFlteGxaQ0k2SWtkbGJtVnlZV3dpTENKMWJtUmxabWx1WldRaU9pSkRiMjVtYVdkMWNtRjBhVzl1SWl3aVkyeGhjM05sY3lJNklrTnZiblJsYm5RaUxDSmpiMjUwWlc1MElqb2lRMjl1ZEdWdWRDSXNJbUZ1WTJodmNpSTZJa052Ym1acFozVnlZWFJwYjI0aUxDSnlaV2RwYjI0aU9pSkRiMjVtYVdkMWNtRjBhVzl1SWl3aWJHRnVaM1ZoWjJVaU9pSkRiMjVtYVdkMWNtRjBhVzl1SWl3aVkyOTFiblJ5YVdWeklqb2lRMjl1Wm1sbmRYSmhkR2x2YmlJc0ltTnZkVzUwY21sbGMxOXViM1FpT2lKRGIyNW1hV2QxY21GMGFXOXVJbjE5In0=');
INSERT INTO `cu_tables` VALUES (39,'ex_content_by_sections','eyJpZCI6eyJ0eXBlIjoiSWQiLCJsYWJlbCI6IklkIiwic2hvd0xpc3QiOjEsImluY2x1ZGVEb3dubG9hZCI6MSwicmVxdWlyZWQiOjEsImxhbmd1YWdlX2J1dHRvbiI6MH0sInNlY3Rpb24iOnsidHlwZSI6IlNlbGVjdCIsImxhYmVsIjoiU2VjdGlvbiIsInNob3dMaXN0IjoxLCJpbmNsdWRlRG93bmxvYWQiOjEsInJlcXVpcmVkIjowLCJsYW5ndWFnZV9idXR0b24iOjAsImNvbmZpZyI6ImV5SmtZWFJoSWpwN0luUmhZbXhsWDI1aGJXVWlPaUpqZFY5dFpXNTFYMmwwWlcxeklpd2laR0YwWVY5amIyeDFiVzRpT2lKcFpDSXNJbXhoWW1Wc1gyTnZiSFZ0YmlJNkluUnBkR3hsSWl3aWQyaGxjbVZmWTI5c2RXMXVJam9pYldWdWRYTmZhV1FnSUU1UFZDQkpUaUFvTVN3eUtTSXNJbTVsYzNSbFpGOWpiMngxYlc0aU9pSnBaQ0lzSW5CaGNtVnVkRjlqYjJ4MWJXNGlPaUp3WVhKbGJuUmZhV1FpTENKcGJtbDBYMmxrSWpvaUlpd2laR2x1WVcxcFkxOTFjR1JoZEdWZlptbGxiR1FpT2lJaUxDSmthVzVoYldsalgzVndaR0YwWlY5amIyeDFiVzRpT2lJaWZTd2laWGgwY21GUVlYSmhiWE1pT25zaVlXUmtYMk4xYzNSdmJWOXBkR1Z0SWpveExDSmpkWE4wYjIxZlpHRjBZU0k2SWpBaUxDSmpkWE4wYjIxZmJHRmlaV3dpT2lKb2IyMWxJaXdpYm05ZmRISmhibk5zWVhSbElqcG1ZV3h6WlN3aWQybGtkR2dpT2lJaWZTd2lkRzl2YkhScGNDSTZJaUo5In0sImNvbnRlbnRzIjp7InR5cGUiOiJTZWxlY3RfTGlzdCIsImxhYmVsIjoiQ29udGVudHMiLCJzaG93TGlzdCI6MSwiaW5jbHVkZURvd25sb2FkIjoxLCJyZXF1aXJlZCI6MCwibGFuZ3VhZ2VfYnV0dG9uIjowLCJjb25maWciOiJleUprWVhSaElqcDdJblJoWW14bFgyNWhiV1VpT2lKbGVGOWpiMjUwWlc1MElpd2laR0YwWVY5amIyeDFiVzRpT2lKcFpDSXNJbXhoWW1Wc1gyTnZiSFZ0YmlJNkltNWhiV1VpTENKM2FHVnlaVjlqYjJ4MWJXNGlPaUlpTENKdVpYTjBaV1JmWTI5c2RXMXVJam9pSWl3aWNHRnlaVzUwWDJOdmJIVnRiaUk2SWlJc0ltbHVhWFJmYVdRaU9pSWlMQ0prYVc1aGJXbGpYM1Z3WkdGMFpWOW1hV1ZzWkNJNklpSXNJbVJwYm1GdGFXTmZkWEJrWVhSbFgyTnZiSFZ0YmlJNklpSjlMQ0psZUhSeVlWQmhjbUZ0Y3lJNmV5SnRkV3gwYVZObGJHVmpkQ0k2TVN3aWJXbHljbTl5VEdsemRDSTZNU3dpYkdsemRFaGxhV2RvZENJNklqRTFJaXdpWVdSa1gyTjFjM1J2YlY5cGRHVnRJam93TENKamRYTjBiMjFmWkdGMFlTSTZJaUlzSW1OMWMzUnZiVjlzWVdKbGJDSTZJaUlzSW01dlgzUnlZVzV6YkdGMFpTSTZkSEoxWlN3aWQybGtkR2dpT2lJek1EQndlQ0o5TENKMGIyOXNkR2x3SWpvaUluMD0ifSwic2hvd19pbl9zdWJzZWN0aW9uIjp7InR5cGUiOiJTZWxlY3QiLCJsYWJlbCI6IlNob3cgaW4gc3Vic2VjdGlvbiIsInNob3dMaXN0IjoxLCJpbmNsdWRlRG93bmxvYWQiOjEsInJlcXVpcmVkIjowLCJsYW5ndWFnZV9idXR0b24iOjAsImNvbmZpZyI6ImV5SmtZWFJoSWpwYld5SXdJaXdpWm1Gc2MyVWlYU3hiSWpFaUxDSjBjblZsSWwxZExDSmxlSFJ5WVZCaGNtRnRjeUk2ZXlKaFpHUmZZM1Z6ZEc5dFgybDBaVzBpT2pBc0ltTjFjM1J2YlY5a1lYUmhJam9pSWl3aVkzVnpkRzl0WDJ4aFltVnNJam9pSWl3aWJtOWZkSEpoYm5Oc1lYUmxJanBtWVd4elpTd2lkMmxrZEdnaU9pSWlmU3dpZEc5dmJIUnBjQ0k2SWlKOSJ9LCJjb2RlIjp7InR5cGUiOiJUZXh0QXJlYSIsImxhYmVsIjoiQ29kZSIsInNob3dMaXN0IjowLCJpbmNsdWRlRG93bmxvYWQiOjAsInJlcXVpcmVkIjowLCJsYW5ndWFnZV9idXR0b24iOjAsImNvbmZpZyI6ImV5SmxaR2wwYjNJaU9pSmhZMlVpTENKM2FXUjBhQ0k2SWpFd01DVWlMQ0pvWldsbmFIUWlPaUkxTURCd2VDSXNJbk4wZVd4bGMxOWpjM01pT2lJdUxpOWpjM012ZEdWdGNHRnNkR1V1WTNOeklpd2lkR1Z0Y0d4aGRHVmZiR2x6ZENJNklpSXNJbVp2YkdSbGNpSTZJbU52Ym5SbGJuUWlMQ0ppWVhObFh6WTBYMlZ1WTI5a1pTSTZabUZzYzJVc0ltVmthWFJ2Y2w5dGIyUmxJam9pYUhSdGJDSXNJbTFoZUd4bGJtZDBhQ0k2SWlJc0luUnZiMngwYVhBaU9pSmpiMlJsWDJsdVptOGlmUT09In0sInNob3dfbGlzdF9saWtlX3RyZWUiOjAsInNob3dfbGlzdF9saWtlX3RyZWVfY29sdW1uIjpudWxsLCJzaG93X2xpc3RfbGlrZV90cmVlX3ZhbGlkYXRlIjpudWxsLCJzaG93X2xpc3RfbGlrZV90cmVlX2luZGljYXRvciI6bnVsbCwibGFuZ3VhZ2VfZmlsZV9yZWZlcmVuY2UiOiIiLCJjdXN0b21fdGFibGVfbmFtZSI6IiIsImN1c3RvbV90YWJsZV9uYW1lX2xhbmd1YWdlX3JlZmVyZW5jZSI6MCwib3JkZXJfYnkiOm51bGwsIm9yZGVyX2J5X29yZGVyIjpudWxsLCJsaW5rX2luZGljYXRvciI6InNlY3Rpb24iLCJsaXN0X2xpbWl0IjoiIiwicHJpbWFyeV9rZXkiOiJpZCIsIm9wdGlvbl9wYW5lbCI6IiIsImluY2x1ZGVfZmlsZSI6IiIsInRhYnMiOiJleUpwYm1adklqcGJleUowWVdKZmJtRnRaU0k2SWtkbGJtVnlZV3dpTENKMFlXSmZabWxsYkdSeklqcGJJbWxrSWl3aWMyVmpkR2x2YmlJc0ltTnZiblJsYm5Seklpd2ljMmh2ZDE5cGJsOXpkV0p6WldOMGFXOXVJbDE5TEhzaWRHRmlYMjVoYldVaU9pSkRiMlJsSWl3aWRHRmlYMlpwWld4a2N5STZXeUpqYjJSbElsMTlYU3dpWm1sbGJHUnpYM1JoWWlJNmV5SnBaQ0k2SWtkbGJtVnlZV3dpTENKelpXTjBhVzl1SWpvaVIyVnVaWEpoYkNJc0ltTnZiblJsYm5Seklqb2lSMlZ1WlhKaGJDSXNJbk5vYjNkZmFXNWZjM1ZpYzJWamRHbHZiaUk2SWtkbGJtVnlZV3dpTENKMWJtUmxabWx1WldRaU9pSkRiMlJsSWl3aVkyOWtaU0k2SWtOdlpHVWlmWDA9In0=');
INSERT INTO `cu_tables` VALUES (41,'ex_banners','eyJpZCI6eyJ0eXBlIjoiSWQiLCJsYWJlbCI6IklkIiwic2hvd0xpc3QiOjEsImluY2x1ZGVEb3dubG9hZCI6MSwicmVxdWlyZWQiOjEsImxhbmd1YWdlX2J1dHRvbiI6MH0sIm5hbWUiOnsidHlwZSI6IlRleHQiLCJsYWJlbCI6Ik5hbWUiLCJzaG93TGlzdCI6MSwiaW5jbHVkZURvd25sb2FkIjoxLCJyZXF1aXJlZCI6MCwibGFuZ3VhZ2VfYnV0dG9uIjowLCJjb25maWciOiJleUowZVhCbElqb2lkR1Y0ZENJc0ltMWhlR3hsYm1kMGFDSTZJaUlzSW5SdmIyeDBhWEFpT2lJaUxDSjNhV1IwYUNJNklpSXNJbVJsWm1GMWJIUWlPaUlpZlE9PSJ9LCJiYWNrZ3JvdW5kIjp7InR5cGUiOiJGaWxlIiwibGFiZWwiOiJCYWNrZ3JvdW5kIiwic2hvd0xpc3QiOjEsImluY2x1ZGVEb3dubG9hZCI6MSwicmVxdWlyZWQiOjAsImxhbmd1YWdlX2J1dHRvbiI6MCwiY29uZmlnIjoiZXlKbWIyeGtaWElpT2lKdFpXUnBZUzlpWVc1dVpYSnpJaXdpZFc1cGNYVmxYMjVoYldVaU9qRXNJbk5vYjNkZmFXMWhaMlVpT2pFc0ltUnBiV1Z1ZEdsdmJsOXdjbWx2Y21sMGVTSTZJbWhsYVdkb2RDSXNJbVJwYldWdWRHbHZibDlwYldGblpTSTZJalV3SWl3aVpHOTNibXh2WVdSZlpXNWhZbXhsWkNJNk1Td2lkRzl2YkhScGNDSTZJaUlzSW5kcFpIUm9Jam9pSWl3aWNtVnphWHBsSWpwbVlXeHpaU3dpYldGNFgzZHBaSFJvSWpvaUlpd2liV0Y0WDJobGFXZG9kQ0k2SWlJc0ltTnliM0FpT21aaGJITmxmUT09In0sImNzcyI6eyJ0eXBlIjoiVGV4dEFyZWEiLCJsYWJlbCI6IkNzcyIsInNob3dMaXN0IjowLCJpbmNsdWRlRG93bmxvYWQiOjAsInJlcXVpcmVkIjowLCJsYW5ndWFnZV9idXR0b24iOjAsImNvbmZpZyI6ImV5SmxaR2wwYjNJaU9pSmhZMlVpTENKM2FXUjBhQ0k2SWpFd01DVWlMQ0pvWldsbmFIUWlPaUk1TUhCNElpd2ljM1I1YkdWelgyTnpjeUk2SWlJc0luUmxiWEJzWVhSbFgyeHBjM1FpT2lJaUxDSm1iMnhrWlhJaU9pSjFjR3h2WVdSZlptbHNaWE1pTENKaVlYTmxYelkwWDJWdVkyOWtaU0k2Wm1Gc2MyVXNJbVZrYVhSdmNsOXRiMlJsSWpvaVkzTnpJaXdpYldGNGJHVnVaM1JvSWpvaUlpd2lkRzl2YkhScGNDSTZJbU52Ym5SaGFXNWxjbDlqYzNOZmMzUjViR1Z6SW4wPSJ9LCJjb250ZW50Ijp7InR5cGUiOiJUZXh0QXJlYSIsImxhYmVsIjoiQ29udGVudCIsInNob3dMaXN0IjowLCJpbmNsdWRlRG93bmxvYWQiOjAsInJlcXVpcmVkIjowLCJsYW5ndWFnZV9idXR0b24iOjAsImNvbmZpZyI6ImV5SmxaR2wwYjNJaU9pSjBhVzU1YldObElpd2lkMmxrZEdnaU9pSXhNREFsSWl3aWFHVnBaMmgwSWpvaU5UQXdjSGdpTENKemRIbHNaWE5mWTNOeklqb2lMaTR2WTNOekwzTjBlV3hsY3k1amMzTWlMQ0owWlcxd2JHRjBaVjlzYVhOMElqb2lhbk12ZEdsdWVWOXRZMlV2ZEdWdGNHeGhkR1Z6TDNSbGJYQnNZWFJsY3k1cWN5SXNJbVp2YkdSbGNpSTZJbUpoYm01bGNuTWlMQ0ppWVhObFh6WTBYMlZ1WTI5a1pTSTZabUZzYzJVc0ltVmthWFJ2Y2w5dGIyUmxJam9pYUhSdGJDSXNJbTFoZUd4bGJtZDBhQ0k2SWlJc0luUnZiMngwYVhBaU9pSWlmUT09In0sImxhbmd1YWdlIjp7InR5cGUiOiJMYW5ndWFnZV9TZWxlY3RvciIsImxhYmVsIjoiTGFuZ3VhZ2UiLCJzaG93TGlzdCI6MSwiaW5jbHVkZURvd25sb2FkIjoxLCJyZXF1aXJlZCI6MCwibGFuZ3VhZ2VfYnV0dG9uIjowLCJjb25maWciOiJleUp0ZFd4MGFWTmxiR1ZqZENJNlptRnNjMlVzSW1obGFXZG9kQ0k2SWpFaUxDSjNhV1IwYUNJNklpSXNJblJ2YjJ4MGFYQWlPaUlpZlE9PSJ9LCJjb3VudHJpZXMiOnsidHlwZSI6IlNlbGVjdF9MaXN0IiwibGFiZWwiOiJDb3VudHJpZXMiLCJzaG93TGlzdCI6MSwiaW5jbHVkZURvd25sb2FkIjoxLCJyZXF1aXJlZCI6MCwibGFuZ3VhZ2VfYnV0dG9uIjowLCJjb25maWciOiJleUprWVhSaElqcDdJblJoWW14bFgyNWhiV1VpT2lKamRWOWpiM1Z1ZEhKcFpYTWlMQ0prWVhSaFgyTnZiSFZ0YmlJNkltTnZaR1VpTENKc1lXSmxiRjlqYjJ4MWJXNGlPaUp1WVcxbElpd2lkMmhsY21WZlkyOXNkVzF1SWpvaUlpd2libVZ6ZEdWa1gyTnZiSFZ0YmlJNklpSXNJbkJoY21WdWRGOWpiMngxYlc0aU9pSWlMQ0pwYm1sMFgybGtJam9pSWl3aVpHbHVZVzFwWTE5MWNHUmhkR1ZmWm1sbGJHUWlPaUlpTENKa2FXNWhiV2xqWDNWd1pHRjBaVjlqYjJ4MWJXNGlPaUlpZlN3aVpYaDBjbUZRWVhKaGJYTWlPbnNpYlhWc2RHbFRaV3hsWTNRaU9qRXNJbTFwY25KdmNreHBjM1FpT2pBc0lteHBjM1JJWldsbmFIUWlPaUkzSWl3aVlXUmtYMk4xYzNSdmJWOXBkR1Z0SWpvd0xDSmpkWE4wYjIxZlpHRjBZU0k2SWlJc0ltTjFjM1J2YlY5c1lXSmxiQ0k2SWlJc0ltNXZYM1J5WVc1emJHRjBaU0k2Wm1Gc2MyVXNJbmRwWkhSb0lqb2lJbjBzSW5SdmIyeDBhWEFpT2lJaWZRPT0ifSwiY291bnRyaWVzX25vdCI6eyJ0eXBlIjoiU2VsZWN0X0xpc3QiLCJsYWJlbCI6IkhpZGRlbiBpbiIsInNob3dMaXN0IjoxLCJpbmNsdWRlRG93bmxvYWQiOjEsInJlcXVpcmVkIjowLCJsYW5ndWFnZV9idXR0b24iOjAsImNvbmZpZyI6ImV5SmtZWFJoSWpwN0luUmhZbXhsWDI1aGJXVWlPaUpqZFY5amIzVnVkSEpwWlhNaUxDSmtZWFJoWDJOdmJIVnRiaUk2SW1OdlpHVWlMQ0pzWVdKbGJGOWpiMngxYlc0aU9pSnVZVzFsSWl3aWQyaGxjbVZmWTI5c2RXMXVJam9pSWl3aWJtVnpkR1ZrWDJOdmJIVnRiaUk2SWlJc0luQmhjbVZ1ZEY5amIyeDFiVzRpT2lJaUxDSnBibWwwWDJsa0lqb2lJaXdpWkdsdVlXMXBZMTkxY0dSaGRHVmZabWxsYkdRaU9pSWlMQ0prYVc1aGJXbGpYM1Z3WkdGMFpWOWpiMngxYlc0aU9pSWlmU3dpWlhoMGNtRlFZWEpoYlhNaU9uc2liWFZzZEdsVFpXeGxZM1FpT2pFc0ltMXBjbkp2Y2t4cGMzUWlPakFzSW14cGMzUklaV2xuYUhRaU9pSTNJaXdpWVdSa1gyTjFjM1J2YlY5cGRHVnRJam93TENKamRYTjBiMjFmWkdGMFlTSTZJaUlzSW1OMWMzUnZiVjlzWVdKbGJDSTZJaUlzSW01dlgzUnlZVzV6YkdGMFpTSTZabUZzYzJVc0luZHBaSFJvSWpvaUluMHNJblJ2YjJ4MGFYQWlPaUlpZlE9PSJ9LCJlbmFibGVkIjp7InR5cGUiOiJTZWxlY3QiLCJsYWJlbCI6IkVuYWJsZWQiLCJzaG93TGlzdCI6MSwiaW5jbHVkZURvd25sb2FkIjoxLCJyZXF1aXJlZCI6MCwibGFuZ3VhZ2VfYnV0dG9uIjowLCJjb25maWciOiJleUprWVhSaElqcGJXeUl4SWl3aWRISjFaU0pkTEZzaU1DSXNJbVpoYkhObElsMWRMQ0psZUhSeVlWQmhjbUZ0Y3lJNmV5SmhaR1JmWTNWemRHOXRYMmwwWlcwaU9qQXNJbU4xYzNSdmJWOWtZWFJoSWpvaUlpd2lZM1Z6ZEc5dFgyeGhZbVZzSWpvaUlpd2libTlmZEhKaGJuTnNZWFJsSWpwbVlXeHpaU3dpZDJsa2RHZ2lPaUlpZlN3aWRHOXZiSFJwY0NJNklpSjkifSwic2hvd19saXN0X2xpa2VfdHJlZSI6MCwic2hvd19saXN0X2xpa2VfdHJlZV9jb2x1bW4iOiJpZCIsInNob3dfbGlzdF9saWtlX3RyZWVfdmFsaWRhdGUiOiJpZCIsInNob3dfbGlzdF9saWtlX3RyZWVfaW5kaWNhdG9yIjoiaWQiLCJsYW5ndWFnZV9maWxlX3JlZmVyZW5jZSI6IiIsImN1c3RvbV90YWJsZV9uYW1lIjoiIiwiY3VzdG9tX3RhYmxlX25hbWVfbGFuZ3VhZ2VfcmVmZXJlbmNlIjowLCJvcmRlcl9ieSI6ImlkIiwib3JkZXJfYnlfb3JkZXIiOiJBU0MiLCJsaW5rX2luZGljYXRvciI6Im5hbWUiLCJsaXN0X2xpbWl0IjoiIiwicHJpbWFyeV9rZXkiOiJpZCIsIm9wdGlvbl9wYW5lbCI6Ilczc2lhVzFoWjJWZmMzSmpJam9pYldWa2FXRXZkWEJzYjJGa1gyWnBiR1Z6TDJSbFptRjFiSFF1YW5Cbklpd2lkWEpzSWpvaVkyOXRjRzl1Wlc1MEwzUmhZbXhsWDIxaGJtRm5aWEl2ZG1sbGR5OWxlRjlpWVc1dVpYSnpYMko1WDNObFkzUnBiMjV6SWl3aWRtRnlYMjVoYldVaU9pSWlMQ0owYjI5c2RHbHdJam9pWVdSa1gzUnZYM05sWTNScGIyNGlmVjA9IiwiaW5jbHVkZV9maWxlIjoiVzNzaWNHRjBhQ0k2SWlOaFpHMXBibWx6ZEhKaGRHOXlJeTlsZUhSbGJuTnBiMjV6TDJKaGJtNWxjbk12WVdSdGFXNHZiR2x6ZEM1d2FIQWlMQ0poWkdSZmRHOGlPaUpzYVhOMElpd2ljRzl6YVhScGIyNGlPaUpsYm1RaWZWMD0iLCJ0YWJzIjoiZXlKcGJtWnZJanBiZXlKMFlXSmZibUZ0WlNJNklrZGxibVZ5WVd3aUxDSjBZV0pmWm1sbGJHUnpJanBiSW1sa0lpd2libUZ0WlNJc0ltVnVZV0pzWldRaVhYMHNleUowWVdKZmJtRnRaU0k2SWtOdmJuUmxiblFpTENKMFlXSmZabWxsYkdSeklqcGJJbUpoWTJ0bmNtOTFibVFpTENKamMzTWlMQ0pqYjI1MFpXNTBJbDE5TEhzaWRHRmlYMjVoYldVaU9pSkRiMjVtYVdkMWNtRjBhVzl1SWl3aWRHRmlYMlpwWld4a2N5STZXeUpzWVc1bmRXRm5aU0lzSW1OdmRXNTBjbWxsY3lJc0ltTnZkVzUwY21sbGMxOXViM1FpWFgxZExDSm1hV1ZzWkhOZmRHRmlJanA3SW1sa0lqb2lSMlZ1WlhKaGJDSXNJbTVoYldVaU9pSkhaVzVsY21Gc0lpd2laVzVoWW14bFpDSTZJa2RsYm1WeVlXd2lMQ0oxYm1SbFptbHVaV1FpT2lKRGIyNW1hV2QxY21GMGFXOXVJaXdpWW1GamEyZHliM1Z1WkNJNklrTnZiblJsYm5RaUxDSmpjM01pT2lKRGIyNTBaVzUwSWl3aVkyOXVkR1Z1ZENJNklrTnZiblJsYm5RaUxDSnNZVzVuZFdGblpTSTZJa052Ym1acFozVnlZWFJwYjI0aUxDSmpiM1Z1ZEhKcFpYTWlPaUpEYjI1bWFXZDFjbUYwYVc5dUlpd2lZMjkxYm5SeWFXVnpYMjV2ZENJNklrTnZibVpwWjNWeVlYUnBiMjRpZlgwPSJ9');
INSERT INTO `cu_tables` VALUES (43,'ex_banners_by_sections','eyJpZCI6eyJ0eXBlIjoiSWQiLCJsYWJlbCI6IklkIiwic2hvd0xpc3QiOjEsImluY2x1ZGVEb3dubG9hZCI6MSwicmVxdWlyZWQiOjEsImxhbmd1YWdlX2J1dHRvbiI6MH0sInNlY3Rpb24iOnsidHlwZSI6IlNlbGVjdCIsImxhYmVsIjoiU2VjdGlvbiIsInNob3dMaXN0IjoxLCJpbmNsdWRlRG93bmxvYWQiOjEsInJlcXVpcmVkIjowLCJsYW5ndWFnZV9idXR0b24iOjAsImNvbmZpZyI6ImV5SmtZWFJoSWpwN0luUmhZbXhsWDI1aGJXVWlPaUpqZFY5dFpXNTFYMmwwWlcxeklpd2laR0YwWVY5amIyeDFiVzRpT2lKcFpDSXNJbXhoWW1Wc1gyTnZiSFZ0YmlJNkluUnBkR3hsSWl3aWQyaGxjbVZmWTI5c2RXMXVJam9pYldWdWRYTmZhV1FnSUU1UFZDQkpUaUFvTVN3eUtTSXNJbTVsYzNSbFpGOWpiMngxYlc0aU9pSnBaQ0lzSW5CaGNtVnVkRjlqYjJ4MWJXNGlPaUp3WVhKbGJuUmZhV1FpTENKcGJtbDBYMmxrSWpvaUlpd2laR2x1WVcxcFkxOTFjR1JoZEdWZlptbGxiR1FpT2lJaUxDSmthVzVoYldsalgzVndaR0YwWlY5amIyeDFiVzRpT2lJaWZTd2laWGgwY21GUVlYSmhiWE1pT25zaVlXUmtYMk4xYzNSdmJWOXBkR1Z0SWpveExDSmpkWE4wYjIxZlpHRjBZU0k2SWpBaUxDSmpkWE4wYjIxZmJHRmlaV3dpT2lKb2IyMWxJaXdpYm05ZmRISmhibk5zWVhSbElqcDBjblZsTENKM2FXUjBhQ0k2SWlKOUxDSjBiMjlzZEdsd0lqb2lJbjA9In0sImJhbm5lcnMiOnsidHlwZSI6IlNlbGVjdF9MaXN0IiwibGFiZWwiOiJCYW5uZXJzIiwic2hvd0xpc3QiOjEsImluY2x1ZGVEb3dubG9hZCI6MSwicmVxdWlyZWQiOjAsImxhbmd1YWdlX2J1dHRvbiI6MCwiY29uZmlnIjoiZXlKa1lYUmhJanA3SW5SaFlteGxYMjVoYldVaU9pSmxlRjlpWVc1dVpYSnpJaXdpWkdGMFlWOWpiMngxYlc0aU9pSnBaQ0lzSW14aFltVnNYMk52YkhWdGJpSTZJbTVoYldVaUxDSjNhR1Z5WlY5amIyeDFiVzRpT2lJaUxDSnVaWE4wWldSZlkyOXNkVzF1SWpvaUlpd2ljR0Z5Wlc1MFgyTnZiSFZ0YmlJNklpSXNJbWx1YVhSZmFXUWlPaUlpTENKa2FXNWhiV2xqWDNWd1pHRjBaVjltYVdWc1pDSTZJaUlzSW1ScGJtRnRhV05mZFhCa1lYUmxYMk52YkhWdGJpSTZJaUo5TENKbGVIUnlZVkJoY21GdGN5STZleUp0ZFd4MGFWTmxiR1ZqZENJNk1Td2liV2x5Y205eVRHbHpkQ0k2TVN3aWJHbHpkRWhsYVdkb2RDSTZJamNpTENKaFpHUmZZM1Z6ZEc5dFgybDBaVzBpT2pBc0ltTjFjM1J2YlY5a1lYUmhJam9pSWl3aVkzVnpkRzl0WDJ4aFltVnNJam9pSWl3aWJtOWZkSEpoYm5Oc1lYUmxJanAwY25WbExDSjNhV1IwYUNJNklqSXdNSEI0SW4wc0luUnZiMngwYVhBaU9pSWlmUT09In0sInNob3dfaW5fc3Vic2VjdGlvbiI6eyJ0eXBlIjoiU2VsZWN0IiwibGFiZWwiOiJTaG93IGluIHN1YnNlY3Rpb24iLCJzaG93TGlzdCI6MSwiaW5jbHVkZURvd25sb2FkIjoxLCJyZXF1aXJlZCI6MCwibGFuZ3VhZ2VfYnV0dG9uIjowLCJjb25maWciOiJleUprWVhSaElqcGJXeUl3SWl3aVptRnNjMlVpWFN4YklqRWlMQ0owY25WbElsMWRMQ0psZUhSeVlWQmhjbUZ0Y3lJNmV5SmhaR1JmWTNWemRHOXRYMmwwWlcwaU9qQXNJbU4xYzNSdmJWOWtZWFJoSWpvaUlpd2lZM1Z6ZEc5dFgyeGhZbVZzSWpvaUlpd2libTlmZEhKaGJuTnNZWFJsSWpwbVlXeHpaU3dpZDJsa2RHZ2lPaUlpZlN3aWRHOXZiSFJwY0NJNklpSjkifSwiZHVyYXRpb24iOnsidHlwZSI6IlRleHQiLCJsYWJlbCI6IkR1cmF0aW9uIiwic2hvd0xpc3QiOjEsImluY2x1ZGVEb3dubG9hZCI6MSwicmVxdWlyZWQiOjAsImxhbmd1YWdlX2J1dHRvbiI6MCwiY29uZmlnIjoiZXlKMGVYQmxJam9pYm5WdFltVnlJaXdpYm5WdFltVnlYMlp2Y25SdFlYUWlPaUp1YjNKdFlXd2lMQ0p0WVhoc1pXNW5kR2dpT2lJaUxDSjBiMjlzZEdsd0lqb2lJaXdpZDJsa2RHZ2lPaUlpTENKa1pXWmhkV3gwSWpvaU9DSjkifSwiY2xhc3NlcyI6eyJ0eXBlIjoiVGV4dCIsImxhYmVsIjoiQ2xhc3NlcyIsInNob3dMaXN0IjowLCJpbmNsdWRlRG93bmxvYWQiOjAsInJlcXVpcmVkIjowLCJsYW5ndWFnZV9idXR0b24iOjAsImNvbmZpZyI6ImV5SjBlWEJsSWpvaWRHRm5jeUlzSW0xaGVHeGxibWQwYUNJNklpSXNJblJ2YjJ4MGFYQWlPaUpEYjI1MFlXbHVaWElnWTJ4aGMzTmxjeUlzSW5kcFpIUm9Jam9pTVRBd0pTSXNJbVJsWm1GMWJIUWlPaUluWW1GdWJtVnlYeWN1ZEdsdFpTZ3BMbTEwWDNKaGJtUW9NU3c1T1RrcEluMD0ifSwiY3NzIjp7InR5cGUiOiJUZXh0QXJlYSIsImxhYmVsIjoiQ3NzIiwic2hvd0xpc3QiOjAsImluY2x1ZGVEb3dubG9hZCI6MCwicmVxdWlyZWQiOjAsImxhbmd1YWdlX2J1dHRvbiI6MCwiY29uZmlnIjoiZXlKbFpHbDBiM0lpT2lKaFkyVWlMQ0ozYVdSMGFDSTZJakV3TUNVaUxDSm9aV2xuYUhRaU9pSTVNSEI0SWl3aWMzUjViR1Z6WDJOemN5STZJaUlzSW5SbGJYQnNZWFJsWDJ4cGMzUWlPaUlpTENKbWIyeGtaWElpT2lKMWNHeHZZV1JmWm1sc1pYTWlMQ0ppWVhObFh6WTBYMlZ1WTI5a1pTSTZabUZzYzJVc0ltVmthWFJ2Y2w5dGIyUmxJam9pWTNOeklpd2liV0Y0YkdWdVozUm9Jam9pSWl3aWRHOXZiSFJwY0NJNkltTnZiblJoYVc1bGNsOWpjM05mYzNSNWJHVnpJbjA9In0sInNob3dfbGlzdF9saWtlX3RyZWUiOjAsInNob3dfbGlzdF9saWtlX3RyZWVfY29sdW1uIjoiaWQiLCJzaG93X2xpc3RfbGlrZV90cmVlX3ZhbGlkYXRlIjoiaWQiLCJzaG93X2xpc3RfbGlrZV90cmVlX2luZGljYXRvciI6ImlkIiwibGFuZ3VhZ2VfZmlsZV9yZWZlcmVuY2UiOiIiLCJjdXN0b21fdGFibGVfbmFtZSI6IiIsImN1c3RvbV90YWJsZV9uYW1lX2xhbmd1YWdlX3JlZmVyZW5jZSI6MCwib3JkZXJfYnkiOiJpZCIsIm9yZGVyX2J5X29yZGVyIjoiQVNDIiwibGlua19pbmRpY2F0b3IiOiJzZWN0aW9uIiwibGlzdF9saW1pdCI6IiIsInByaW1hcnlfa2V5IjoiaWQiLCJvcHRpb25fcGFuZWwiOiIiLCJpbmNsdWRlX2ZpbGUiOiIiLCJ0YWJzIjoiZXlKcGJtWnZJanBiZXlKMFlXSmZibUZ0WlNJNklrZGxibVZ5WVd3aUxDSjBZV0pmWm1sbGJHUnpJanBiSW1sa0lpd2ljMlZqZEdsdmJpSXNJbUpoYm01bGNuTWlMQ0p6YUc5M1gybHVYM04xWW5ObFkzUnBiMjRpWFgwc2V5SjBZV0pmYm1GdFpTSTZJa052Ym1acFozVnlZWFJwYjI0aUxDSjBZV0pmWm1sbGJHUnpJanBiSW1SMWNtRjBhVzl1SWl3aVkyeGhjM05sY3lJc0ltTnpjeUpkZlYwc0ltWnBaV3hrYzE5MFlXSWlPbnNpYVdRaU9pSkhaVzVsY21Gc0lpd2ljMlZqZEdsdmJpSTZJa2RsYm1WeVlXd2lMQ0ppWVc1dVpYSnpJam9pUjJWdVpYSmhiQ0lzSW5Ob2IzZGZhVzVmYzNWaWMyVmpkR2x2YmlJNklrZGxibVZ5WVd3aUxDSjFibVJsWm1sdVpXUWlPaUpEYjI1bWFXZDFjbUYwYVc5dUlpd2laSFZ5WVhScGIyNGlPaUpEYjI1bWFXZDFjbUYwYVc5dUlpd2lZMnhoYzNObGN5STZJa052Ym1acFozVnlZWFJwYjI0aUxDSmpjM01pT2lKRGIyNW1hV2QxY21GMGFXOXVJbjE5In0=');
CREATE TABLE `cu_tables_log` (
  `id` int(11) NOT NULL AUTO_INCREMENT,
  `user_id_creator` int(11) DEFAULT NULL,
  `user_id_update` int(11) DEFAULT NULL,
  `table_name` varchar(100) NOT NULL DEFAULT '',
  `reference_id` int(11) DEFAULT NULL,
  `date_registered` datetime DEFAULT NULL,
  `date_update` datetime DEFAULT NULL,
  `user_id_updating` int(11) DEFAULT NULL,
  `date_updating` datetime DEFAULT NULL,
  `deleted` int(11) DEFAULT NULL,
  PRIMARY KEY (`id`),
  UNIQUE KEY `table_name_UNIQUE` (`table_name`,`reference_id`)
) ENGINE=InnoDB DEFAULT CHARSET=utf8;

CREATE TABLE `cu_user_groups` (
  `id` int(11) NOT NULL AUTO_INCREMENT,
  `name` varchar(45) NOT NULL,
  `admin_login` int(11) NOT NULL DEFAULT '0',
  `site_login` int(11) NOT NULL DEFAULT '1',
  `enabled` int(11) NOT NULL DEFAULT '1',
  PRIMARY KEY (`id`)
) ENGINE=InnoDB AUTO_INCREMENT=5 DEFAULT CHARSET=utf8;

INSERT INTO `cu_user_groups` VALUES (1,'Super admin',1,1,1);
INSERT INTO `cu_user_groups` VALUES (2,'Admin',1,1,1);
INSERT INTO `cu_user_groups` VALUES (4,'Unregistered',0,0,1);
CREATE TABLE `cu_users` (
  `id` int(11) NOT NULL AUTO_INCREMENT,
  `name` varchar(45) NOT NULL,
  `email` varchar(45) NOT NULL,
  `username` varchar(100) NOT NULL DEFAULT '',
  `password` varchar(500) NOT NULL DEFAULT '',
  `image` varchar(255) DEFAULT NULL,
  `user_group_id` int(11) NOT NULL,
  `enabled` int(11) NOT NULL DEFAULT '1',
  `date_registered` date DEFAULT NULL,
  PRIMARY KEY (`id`),
  UNIQUE KEY `username` (`username`)
) ENGINE=InnoDB AUTO_INCREMENT=2 DEFAULT CHARSET=utf8;

CREATE TABLE `cu_views` (
  `id` int(11) NOT NULL AUTO_INCREMENT,
  `name` varchar(255) DEFAULT NULL,
  `description` text,
  `file_path` varchar(255) DEFAULT NULL,
  `screen` varchar(255) DEFAULT NULL,
  PRIMARY KEY (`id`)
) ENGINE=InnoDB AUTO_INCREMENT=2 DEFAULT CHARSET=utf8;

INSERT INTO `cu_views` VALUES (1,'Default','This is the default view','','');
CREATE TABLE `ex_banners` (
  `id` int(11) NOT NULL AUTO_INCREMENT,
  `name` varchar(100) DEFAULT NULL,
  `background` varchar(255) DEFAULT NULL,
  `css` text,
  `content` text,
  `language` varchar(10) NOT NULL DEFAULT '',
  `countries` varchar(500) NOT NULL DEFAULT '',
  `countries_not` varchar(500) NOT NULL DEFAULT '',
  `enabled` int(11) NOT NULL DEFAULT '1',
  PRIMARY KEY (`id`)
) ENGINE=InnoDB DEFAULT CHARSET=utf8;

CREATE TABLE `ex_banners_by_sections` (
  `id` int(11) NOT NULL AUTO_INCREMENT,
  `section` int(11) DEFAULT NULL,
  `banners` varchar(255) DEFAULT NULL,
  `show_in_subsection` int(11) NOT NULL DEFAULT '0',
  `duration` int(11) NOT NULL DEFAULT '8',
  `classes` varchar(255) DEFAULT NULL,
  `css` text,
  PRIMARY KEY (`id`),
  UNIQUE KEY `unique` (`section`)
) ENGINE=InnoDB DEFAULT CHARSET=utf8;

CREATE TABLE `ex_content` (
  `id` int(11) NOT NULL AUTO_INCREMENT,
  `name` varchar(100) DEFAULT NULL,
  `classes` varchar(255) DEFAULT '',
  `content` text,
  `anchor` varchar(100) DEFAULT NULL,
  `region` varchar(100) NOT NULL DEFAULT '',
  `language` varchar(10) NOT NULL DEFAULT '',
  `countries` varchar(500) NOT NULL DEFAULT '',
  `countries_not` varchar(500) NOT NULL DEFAULT '',
  `enabled` int(11) NOT NULL DEFAULT '1',
  PRIMARY KEY (`id`)
) ENGINE=InnoDB DEFAULT CHARSET=utf8;

CREATE TABLE `ex_content_by_sections` (
  `id` int(11) NOT NULL AUTO_INCREMENT,
  `section` int(11) DEFAULT NULL,
  `contents` varchar(255) DEFAULT NULL,
  `show_in_subsection` int(11) NOT NULL DEFAULT '0',
  `code` text,
  PRIMARY KEY (`id`),
  UNIQUE KEY `unique` (`section`)
) ENGINE=InnoDB DEFAULT CHARSET=utf8;