DROP TABLE IF EXISTS `cu_language_rich_content`;
CREATE TABLE `cu_language_rich_content` (
  `id` int(11) NOT NULL AUTO_INCREMENT,
  `label` varchar(255) DEFAULT NULL,
  `content` text,
  `language` varchar(10) NOT NULL DEFAULT '',
  PRIMARY KEY (`id`),
  UNIQUE KEY `unique` (`label`,`language`)
) ENGINE=InnoDB AUTO_INCREMENT=2 DEFAULT CHARSET=utf8;

INSERT INTO `cu_language_rich_content` VALUES (1,'sql_scripts','<p><strong>SQL Example Scripts</strong></p>\n<p><strong>/* CATEGORIES*/</strong></p>\n<p style=\"margin-left: 30px;\"><span>CREATE TABLE `categories` (</span><br /><span>`id` int(11) NOT NULL AUTO_INCREMENT,</span><br /><span>`name` varchar(255) DEFAULT NULL,</span><br /><span>`enabled` int(11) DEFAULT \'1\',</span><br /><span>`date` date DEFAULT NULL,</span><br /><span>PRIMARY KEY (`id`)</span><br /><span>) ENGINE=InnoDB DEFAULT CHARSET=utf8;</span></p>\n<p><strong>/* ARTICLES */</strong></p>\n<p style=\"margin-left: 30px;\"><span>CREATE TABLE `articles` (</span><br /><span>`id` int(11) NOT NULL AUTO_INCREMENT,</span><br /><span>`title` varchar(255) DEFAULT NULL,</span><br /><span>`description` text,</span><br /><span>`article` text,</span><br /><span>`category_id` int(11) DEFAULT NULL,</span><br /><span>`enabled` int(11) DEFAULT \'1\',</span><br /><span>`date` date DEFAULT NULL,</span><br /><span>PRIMARY KEY (`id`)</span><br /><span>) ENGINE=InnoDB DEFAULT CHARSET=utf8;</span></p>','');
DROP TABLE IF EXISTS `cu_menu_item_type`;
CREATE TABLE `cu_menu_item_type` (
  `id` int(11) NOT NULL AUTO_INCREMENT,
  `name` varchar(45) DEFAULT NULL,
  PRIMARY KEY (`id`)
) ENGINE=InnoDB AUTO_INCREMENT=7 DEFAULT CHARSET=utf8 COMMENT='Content menu types.\nExample:  [1, none], [2, autogenerated],';

INSERT INTO `cu_menu_item_type` VALUES (1,'None');
INSERT INTO `cu_menu_item_type` VALUES (2,'Auto administrate');
INSERT INTO `cu_menu_item_type` VALUES (3,'Personalized component');
INSERT INTO `cu_menu_item_type` VALUES (4,'URL');
INSERT INTO `cu_menu_item_type` VALUES (5,'JS function');
INSERT INTO `cu_menu_item_type` VALUES (6,'Auto');
DROP TABLE IF EXISTS `cu_menu_items`;
CREATE TABLE `cu_menu_items` (
  `id` int(11) NOT NULL AUTO_INCREMENT,
  `title` varchar(255) NOT NULL,
  `alias` varchar(255) NOT NULL,
  `title_tab` varchar(255) NOT NULL DEFAULT '',
  `highlight` int(11) DEFAULT '0',
  `image` varchar(255) DEFAULT NULL,
  `view` int(11) DEFAULT NULL,
  `description` text,
  `menu_item_type_id` int(11) NOT NULL,
  `menu_item_params` varchar(255) DEFAULT NULL,
  `parent_id` int(11) DEFAULT NULL,
  `menus_id` int(11) NOT NULL,
  `order` int(11) DEFAULT NULL,
  `language` varchar(10) DEFAULT '',
  `enabled` int(11) NOT NULL DEFAULT '1',
  PRIMARY KEY (`id`),
  UNIQUE KEY `unique` (`alias`,`menus_id`),
  KEY `fk_cu_menu_item_type` (`menu_item_type_id`),
  KEY `fk_cu_menu` (`menus_id`)
) ENGINE=InnoDB AUTO_INCREMENT=123 DEFAULT CHARSET=utf8 COMMENT='Content menu items. Parent_id: Relation about the positions';

INSERT INTO `cu_menu_items` VALUES (1,'users','users','',0,'',1,'',1,'{}',0,1,3,'',1);
INSERT INTO `cu_menu_items` VALUES (2,'user_groups','user-groups','',0,NULL,NULL,NULL,2,'{\"table_name\":\"cu_user_groups\",\"defined_task\":\"\"}',1,1,2,'',1);
INSERT INTO `cu_menu_items` VALUES (19,'user_accounts','user-accounts','',0,NULL,NULL,NULL,2,'{\"table_name\":\"cu_users\",\"defined_task\":\"\"}',1,1,1,'',1);
INSERT INTO `cu_menu_items` VALUES (41,'profile','profile','',0,'',1,'',2,'{\"table_name\":\"cu_users\",\"defined_task\":\"&task=edit&id=profile&cancel=false&save=false\"}',0,1,1,'',1);
INSERT INTO `cu_menu_items` VALUES (52,'add_new_user','add-new-user','',0,'',1,'',2,'{\"table_name\":\"cu_users\",\"defined_task\":\"task=new\"}',19,1,1,'',1);
INSERT INTO `cu_menu_items` VALUES (53,'add_new_group','add-new-group','',0,NULL,NULL,NULL,2,'{\"table_name\":\"cu_user_groups\",\"defined_task\":\"task=new\"}',2,1,1,'',1);
INSERT INTO `cu_menu_items` VALUES (82,'Table manager','table-manager','',0,'media/upload_files/menu_database.png',1,'',3,'{\"component_name\":\"table_manager\"}',0,2,2,'',1);
INSERT INTO `cu_menu_items` VALUES (83,'Menu manager','menu-manager','',0,'media/upload_files/menu_menu.png',1,'',1,'{}',0,2,4,'',1);
INSERT INTO `cu_menu_items` VALUES (84,'Menus','menus','',0,'',NULL,NULL,2,'{\"table_name\":\"cu_menus\",\"defined_task\":\"\"}',83,2,1,'',1);
INSERT INTO `cu_menu_items` VALUES (85,'Menu items','menu-items','',0,'',NULL,NULL,3,'{\"component_name\":\"menu\"}',83,2,2,'',1);
INSERT INTO `cu_menu_items` VALUES (86,'Menu items type','menu-items-type','',0,'',NULL,NULL,2,'{\"table_name\":\"cu_menu_item_type\",\"defined_task\":\"\"}',83,2,3,'',1);
INSERT INTO `cu_menu_items` VALUES (87,'Permissions','permissions','',0,'media/upload_files/menu_permissions.png',1,'',1,'{}',0,2,5,'',1);
INSERT INTO `cu_menu_items` VALUES (88,'Permissions','permission-types','',0,'',1,'',2,'{\"table_name\":\"cu_permissions\",\"defined_task\":\"\"}',87,2,2,'',1);
INSERT INTO `cu_menu_items` VALUES (89,'Groups','permission-groups','',0,'',1,'',2,'{\"table_name\":\"cu_permissions_group\",\"defined_task\":\"\"}',87,2,1,'',1);
INSERT INTO `cu_menu_items` VALUES (90,'Language manager','language-manager','',0,'media/upload_files/menu_language.png',1,'',3,'{\"component_name\":\"language_manager\"}',0,2,7,'',1);
INSERT INTO `cu_menu_items` VALUES (91,'File manager','file-manager','',0,'media/upload_files/menu_file.png',1,'',5,'{\"js_function\":\"stage.loadFileManager()\"}',0,2,8,'',1);
INSERT INTO `cu_menu_items` VALUES (92,'Settings','settings','',0,'media/upload_files/menu_settings.png',1,'',3,'{\"component_name\":\"configuration\"}',0,2,9,'',1);
INSERT INTO `cu_menu_items` VALUES (94,'Logout','logout','',0,'media/upload_files/menu_logout.png',1,'',4,'{\"url\":\"?task=logout\",\"target\":\"_self\"}',0,2,11,'',1);
INSERT INTO `cu_menu_items` VALUES (95,'Permission values','permission-values','',0,'',1,'',2,'{\"table_name\":\"cu_permissions_values\",\"defined_task\":\"\"}',87,2,3,'',0);
INSERT INTO `cu_menu_items` VALUES (96,'Views','views','',0,'media/upload_files/menu_views.png',1,'',2,'{\"table_name\":\"cu_views\",\"defined_task\":\"\"}',0,2,6,'',1);
INSERT INTO `cu_menu_items` VALUES (97,'Permission data','permission-data','',0,'',1,'',2,'{\"table_name\":\"cu_permissions_data\",\"defined_task\":\"\"}',87,2,4,'',1);
INSERT INTO `cu_menu_items` VALUES (116,'Support','support','',0,'media/upload_files/menu_support.png',1,'',1,'{}',0,2,10,'',1);
INSERT INTO `cu_menu_items` VALUES (121,'Developer page','developer-page','',0,'',1,'',4,'{\"url\":\"http://www.cuppacms.com/\",\"target\":\"_blank\"}',116,2,1,'',1);
INSERT INTO `cu_menu_items` VALUES (122,'SQL Console','sql-console','',0,'',1,'',3,'{\"component_name\":\"sql_console\"}',82,2,1,'',1);
DROP TABLE IF EXISTS `cu_menus`;
CREATE TABLE `cu_menus` (
  `id` int(11) NOT NULL AUTO_INCREMENT,
  `name` varchar(45) NOT NULL,
  `description` varchar(250) DEFAULT NULL,
  `language` varchar(45) DEFAULT NULL,
  PRIMARY KEY (`id`)
) ENGINE=InnoDB AUTO_INCREMENT=4 DEFAULT CHARSET=utf8;

INSERT INTO `cu_menus` VALUES (1,'admin_menu','Administrator menu','');
INSERT INTO `cu_menus` VALUES (2,'admin_settings','Configuration panel','');
INSERT INTO `cu_menus` VALUES (3,'web','Web menu','');
DROP TABLE IF EXISTS `cu_permissions`;
CREATE TABLE `cu_permissions` (
  `id` int(11) NOT NULL AUTO_INCREMENT,
  `name` varchar(50) DEFAULT NULL,
  `group` int(11) DEFAULT '1',
  `accept_default_value` int(11) DEFAULT '0',
  PRIMARY KEY (`id`)
) ENGINE=InnoDB AUTO_INCREMENT=12 DEFAULT CHARSET=utf8 COMMENT='Content permissions.\nExample: [1, consult] , [2, insert]';

INSERT INTO `cu_permissions` VALUES (1,'show item menu',3,0);
INSERT INTO `cu_permissions` VALUES (2,'consult',2,0);
INSERT INTO `cu_permissions` VALUES (3,'insert',2,0);
INSERT INTO `cu_permissions` VALUES (4,'edit',2,0);
INSERT INTO `cu_permissions` VALUES (5,'delete',2,0);
INSERT INTO `cu_permissions` VALUES (7,'edit field',5,1);
INSERT INTO `cu_permissions` VALUES (8,'download',2,0);
INSERT INTO `cu_permissions` VALUES (10,'filter state',4,1);
INSERT INTO `cu_permissions` VALUES (11,'list field',5,0);
DROP TABLE IF EXISTS `cu_permissions_data`;
CREATE TABLE `cu_permissions_data` (
  `id` int(11) NOT NULL AUTO_INCREMENT,
  `group` int(11) DEFAULT NULL COMMENT 'group_permission_id',
  `reference` varchar(100) DEFAULT NULL,
  `data` text,
  PRIMARY KEY (`id`),
  UNIQUE KEY `unique` (`reference`,`group`)
) ENGINE=InnoDB AUTO_INCREMENT=782 DEFAULT CHARSET=utf8;

INSERT INTO `cu_permissions_data` VALUES (21,3,'93','eyJ2YWx1ZV8xXzEiOiIzIiwidmFsdWVfMl8xIjoiNCIsInZhbHVlXzNfMSI6IjQiLCJ2YWx1ZV80XzEiOiI0IiwiZGVmYXVsdF8xXzEiOiIiLCJkZWZhdWx0XzJfMSI6IiIsImRlZmF1bHRfM18xIjoiIiwiZGVmYXVsdF80XzEiOiIifQ==');
INSERT INTO `cu_permissions_data` VALUES (30,4,'cu_users,user_group_id','eyJ2YWx1ZV8xXzEwIjoiMSIsInZhbHVlXzJfMTAiOiIxIiwidmFsdWVfM18xMCI6IjEiLCJ2YWx1ZV80XzEwIjoiMSIsImRlZmF1bHRfMV8xMCI6IiIsImRlZmF1bHRfMl8xMCI6IiIsImRlZmF1bHRfM18xMCI6IiIsImRlZmF1bHRfNF8xMCI6IiJ9');
INSERT INTO `cu_permissions_data` VALUES (31,4,'cu_users,date_registered','eyJ2YWx1ZV8xXzEwIjoiMSIsInZhbHVlXzJfMTAiOiIxIiwidmFsdWVfM18xMCI6IjEiLCJ2YWx1ZV80XzEwIjoiMSIsImRlZmF1bHRfMV8xMCI6IiIsImRlZmF1bHRfMl8xMCI6IiIsImRlZmF1bHRfM18xMCI6IiIsImRlZmF1bHRfNF8xMCI6IiJ9');
INSERT INTO `cu_permissions_data` VALUES (32,4,'cu_users,enabled','eyJ2YWx1ZV8xXzEwIjoiMSIsInZhbHVlXzJfMTAiOiIxIiwidmFsdWVfM18xMCI6IjEiLCJ2YWx1ZV80XzEwIjoiMSIsImRlZmF1bHRfMV8xMCI6IiIsImRlZmF1bHRfMl8xMCI6IiIsImRlZmF1bHRfM18xMCI6IiIsImRlZmF1bHRfNF8xMCI6IiJ9');
INSERT INTO `cu_permissions_data` VALUES (33,2,'cu_users','eyJ2YWx1ZV8xXzIiOiI1IiwidmFsdWVfMV8zIjoiOCIsInZhbHVlXzFfNCI6IjEwIiwidmFsdWVfMV81IjoiMTMiLCJ2YWx1ZV8xXzgiOiIxNiIsInZhbHVlXzJfMiI6IjYiLCJ2YWx1ZV8yXzMiOiI5IiwidmFsdWVfMl80IjoiMTAiLCJ2YWx1ZV8yXzUiOiIxNCIsInZhbHVlXzJfOCI6IjE3IiwidmFsdWVfM18yIjoiNiIsInZhbHVlXzNfMyI6IjkiLCJ2YWx1ZV8zXzQiOiIxMSIsInZhbHVlXzNfNSI6IjE0IiwidmFsdWVfM184IjoiMTciLCJ2YWx1ZV80XzIiOiI2IiwidmFsdWVfNF8zIjoiOSIsInZhbHVlXzRfNCI6IjExIiwidmFsdWVfNF81IjoiMTQiLCJ2YWx1ZV80XzgiOiIxNyIsImRlZmF1bHRfMV8yIjoiIiwiZGVmYXVsdF8xXzMiOiIiLCJkZWZhdWx0XzFfNCI6IiIsImRlZmF1bHRfMV81IjoiIiwiZGVmYXVsdF8xXzgiOiIiLCJkZWZhdWx0XzJfMiI6IiIsImRlZmF1bHRfMl8zIjoiIiwiZGVmYXVsdF8yXzQiOiIiLCJkZWZhdWx0XzJfNSI6IiIsImRlZmF1bHRfMl84IjoiIiwiZGVmYXVsdF8zXzIiOiIiLCJkZWZhdWx0XzNfMyI6IiIsImRlZmF1bHRfM180IjoiIiwiZGVmYXVsdF8zXzUiOiIiLCJkZWZhdWx0XzNfOCI6IiIsImRlZmF1bHRfNF8yIjoiIiwiZGVmYXVsdF80XzMiOiIiLCJkZWZhdWx0XzRfNCI6IiIsImRlZmF1bHRfNF81IjoiIiwiZGVmYXVsdF80XzgiOiIifQ==');
INSERT INTO `cu_permissions_data` VALUES (50,3,'41','eyJ2YWx1ZV8xXzEiOiIzIiwidmFsdWVfMl8xIjoiMyIsInZhbHVlXzNfMSI6IjMiLCJ2YWx1ZV80XzEiOiIzIiwiZGVmYXVsdF8xXzEiOiIiLCJkZWZhdWx0XzJfMSI6IiIsImRlZmF1bHRfM18xIjoiIiwiZGVmYXVsdF80XzEiOiIifQ==');
INSERT INTO `cu_permissions_data` VALUES (51,5,'cu_users,user_group_id','eyJ2YWx1ZV8xXzciOiIxOSIsInZhbHVlXzFfMTEiOiIyMSIsInZhbHVlXzJfNyI6IjIwIiwidmFsdWVfMl8xMSI6IjIyIiwidmFsdWVfM183IjoiMjAiLCJ2YWx1ZV8zXzExIjoiMjIiLCJ2YWx1ZV80XzciOiIyMCIsInZhbHVlXzRfMTEiOiIyMiIsImRlZmF1bHRfMV83IjoiIiwiZGVmYXVsdF8xXzExIjoiIiwiZGVmYXVsdF8yXzciOiIiLCJkZWZhdWx0XzJfMTEiOiIiLCJkZWZhdWx0XzNfNyI6IiIsImRlZmF1bHRfM18xMSI6IiIsImRlZmF1bHRfNF83IjoiIiwiZGVmYXVsdF80XzExIjoiIn0=');
INSERT INTO `cu_permissions_data` VALUES (60,5,'cu_users,enabled','eyJ2YWx1ZV8xXzciOiIxOSIsInZhbHVlXzFfMTEiOiIyMSIsInZhbHVlXzJfNyI6IjIwIiwidmFsdWVfMl8xMSI6IjIyIiwidmFsdWVfM183IjoiMjAiLCJ2YWx1ZV8zXzExIjoiMjIiLCJ2YWx1ZV80XzciOiIyMCIsInZhbHVlXzRfMTEiOiIyMiIsImRlZmF1bHRfMV83IjoiIiwiZGVmYXVsdF8xXzExIjoiIiwiZGVmYXVsdF8yXzciOiIiLCJkZWZhdWx0XzJfMTEiOiIiLCJkZWZhdWx0XzNfNyI6IiIsImRlZmF1bHRfM18xMSI6IiIsImRlZmF1bHRfNF83IjoiIiwiZGVmYXVsdF80XzExIjoiIn0=');
INSERT INTO `cu_permissions_data` VALUES (67,5,'cu_users,date_registered','eyJ2YWx1ZV8xXzciOiIxOSIsInZhbHVlXzFfMTEiOiIyMSIsInZhbHVlXzJfNyI6IjIzIiwidmFsdWVfMl8xMSI6IjIyIiwidmFsdWVfM183IjoiMjAiLCJ2YWx1ZV8zXzExIjoiMjIiLCJ2YWx1ZV80XzciOiIyMCIsInZhbHVlXzRfMTEiOiIyMiIsImRlZmF1bHRfMV83IjoiIiwiZGVmYXVsdF8xXzExIjoiIiwiZGVmYXVsdF8yXzciOiIiLCJkZWZhdWx0XzJfMTEiOiIiLCJkZWZhdWx0XzNfNyI6IiIsImRlZmF1bHRfM18xMSI6IiIsImRlZmF1bHRfNF83IjoiIiwiZGVmYXVsdF80XzExIjoiIn0=');
INSERT INTO `cu_permissions_data` VALUES (77,5,'cu_users,image','eyJ2YWx1ZV8xXzciOiIxOSIsInZhbHVlXzFfMTEiOiIyMSIsInZhbHVlXzJfNyI6IjE5IiwidmFsdWVfMl8xMSI6IjIxIiwidmFsdWVfM183IjoiMTkiLCJ2YWx1ZV8zXzExIjoiMjEiLCJ2YWx1ZV80XzciOiIxOSIsInZhbHVlXzRfMTEiOiIyMSIsImRlZmF1bHRfMV83IjoibWVkaWEvdXNlcl9pbWFnZXMvZGVmYXVsdC5qcGciLCJkZWZhdWx0XzFfMTEiOiIiLCJkZWZhdWx0XzJfNyI6Im1lZGlhL3VzZXJfaW1hZ2VzL2RlZmF1bHQuanBnIiwiZGVmYXVsdF8yXzExIjoiIiwiZGVmYXVsdF8zXzciOiJtZWRpYS91c2VyX2ltYWdlcy9kZWZhdWx0LmpwZyIsImRlZmF1bHRfM18xMSI6IiIsImRlZmF1bHRfNF83IjoibWVkaWEvdXNlcl9pbWFnZXMvZGVmYXVsdC5qcGciLCJkZWZhdWx0XzRfMTEiOiIifQ==');
INSERT INTO `cu_permissions_data` VALUES (225,4,'cu_permissions,group','eyJ2YWx1ZV8xXzEwIjoiMSIsInZhbHVlXzJfMTAiOiIxIiwidmFsdWVfM18xMCI6IjEiLCJ2YWx1ZV80XzEwIjoiMSIsImRlZmF1bHRfMV8xMCI6IiIsImRlZmF1bHRfMl8xMCI6IiIsImRlZmF1bHRfM18xMCI6IiIsImRlZmF1bHRfNF8xMCI6IiJ9');
INSERT INTO `cu_permissions_data` VALUES (226,4,'cu_permissions,accept_default_value','eyJ2YWx1ZV8xXzEwIjoiMSIsInZhbHVlXzJfMTAiOiIxIiwidmFsdWVfM18xMCI6IjEiLCJ2YWx1ZV80XzEwIjoiMSIsImRlZmF1bHRfMV8xMCI6IiIsImRlZmF1bHRfMl8xMCI6IiIsImRlZmF1bHRfM18xMCI6IiIsImRlZmF1bHRfNF8xMCI6IiJ9');
INSERT INTO `cu_permissions_data` VALUES (227,4,'cu_permissions_values,permission','eyJ2YWx1ZV8xXzEwIjoiMjQiLCJ2YWx1ZV8yXzEwIjoiMjQiLCJ2YWx1ZV8zXzEwIjoiMjQiLCJ2YWx1ZV80XzEwIjoiMjQiLCJkZWZhdWx0XzFfMTAiOiIiLCJkZWZhdWx0XzJfMTAiOiIiLCJkZWZhdWx0XzNfMTAiOiIiLCJkZWZhdWx0XzRfMTAiOiIifQ==');
INSERT INTO `cu_permissions_data` VALUES (245,4,'cu_permissions_data,group','eyJ2YWx1ZV8xXzEwIjoiMSIsInZhbHVlXzJfMTAiOiIxIiwidmFsdWVfM18xMCI6IjEiLCJ2YWx1ZV80XzEwIjoiMSIsImRlZmF1bHRfMV8xMCI6IiIsImRlZmF1bHRfMl8xMCI6IiIsImRlZmF1bHRfM18xMCI6IiIsImRlZmF1bHRfNF8xMCI6IiJ9');
INSERT INTO `cu_permissions_data` VALUES (322,5,'cu_permissions_values,permission','eyJ2YWx1ZV8xXzciOiIyMyIsInZhbHVlXzFfMTEiOiIyMSIsInZhbHVlXzJfNyI6IjIzIiwidmFsdWVfMl8xMSI6IjIxIiwidmFsdWVfM183IjoiMTkiLCJ2YWx1ZV8zXzExIjoiMjEiLCJ2YWx1ZV80XzciOiIxOSIsInZhbHVlXzRfMTEiOiIyMSIsImRlZmF1bHRfMV83IjoiIiwiZGVmYXVsdF8xXzExIjoiIiwiZGVmYXVsdF8yXzciOiIiLCJkZWZhdWx0XzJfMTEiOiIiLCJkZWZhdWx0XzNfNyI6IiIsImRlZmF1bHRfM18xMSI6IiIsImRlZmF1bHRfNF83IjoiIiwiZGVmYXVsdF80XzExIjoiIn0=');
INSERT INTO `cu_permissions_data` VALUES (426,5,'cu_permissions,group','eyJ2YWx1ZV8xXzciOiIxOSIsInZhbHVlXzFfMTEiOiIyMSIsInZhbHVlXzJfNyI6IjE5IiwidmFsdWVfMl8xMSI6IjIxIiwidmFsdWVfM183IjoiMTkiLCJ2YWx1ZV8zXzExIjoiMjEiLCJ2YWx1ZV80XzciOiIxOSIsInZhbHVlXzRfMTEiOiIyMSIsImRlZmF1bHRfMV83IjoiIiwiZGVmYXVsdF8xXzExIjoiIiwiZGVmYXVsdF8yXzciOiIiLCJkZWZhdWx0XzJfMTEiOiIiLCJkZWZhdWx0XzNfNyI6IiIsImRlZmF1bHRfM18xMSI6IiIsImRlZmF1bHRfNF83IjoiIiwiZGVmYXVsdF80XzExIjoiIn0=');
INSERT INTO `cu_permissions_data` VALUES (452,4,'cu_language_rich_content,language','eyJ2YWx1ZV8xXzEwIjoiMSIsInZhbHVlXzJfMTAiOiIxIiwidmFsdWVfM18xMCI6IjEiLCJ2YWx1ZV80XzEwIjoiMSIsImRlZmF1bHRfMV8xMCI6IiIsImRlZmF1bHRfMl8xMCI6IiIsImRlZmF1bHRfM18xMCI6IiIsImRlZmF1bHRfNF8xMCI6IiJ9');
INSERT INTO `cu_permissions_data` VALUES (473,2,'cu_menu_items','eyJ2YWx1ZV8xXzIiOiI1IiwidmFsdWVfMV8zIjoiOCIsInZhbHVlXzFfNCI6IjEwIiwidmFsdWVfMV81IjoiMTMiLCJ2YWx1ZV8xXzgiOiIxNiIsInZhbHVlXzJfMiI6IjUiLCJ2YWx1ZV8yXzMiOiI4IiwidmFsdWVfMl80IjoiMTAiLCJ2YWx1ZV8yXzUiOiIxMyIsInZhbHVlXzJfOCI6IjE2IiwidmFsdWVfM18yIjoiNSIsInZhbHVlXzNfMyI6IjgiLCJ2YWx1ZV8zXzQiOiIxMCIsInZhbHVlXzNfNSI6IjEzIiwidmFsdWVfM184IjoiMTYiLCJ2YWx1ZV80XzIiOiI1IiwidmFsdWVfNF8zIjoiOCIsInZhbHVlXzRfNCI6IjEwIiwidmFsdWVfNF81IjoiMTMiLCJ2YWx1ZV80XzgiOiIxNiIsImRlZmF1bHRfMV8yIjoiIiwiZGVmYXVsdF8xXzMiOiIiLCJkZWZhdWx0XzFfNCI6IiIsImRlZmF1bHRfMV81IjoiIiwiZGVmYXVsdF8xXzgiOiIiLCJkZWZhdWx0XzJfMiI6IiIsImRlZmF1bHRfMl8zIjoiIiwiZGVmYXVsdF8yXzQiOiIiLCJkZWZhdWx0XzJfNSI6IiIsImRlZmF1bHRfMl84IjoiIiwiZGVmYXVsdF8zXzIiOiIiLCJkZWZhdWx0XzNfMyI6IiIsImRlZmF1bHRfM180IjoiIiwiZGVmYXVsdF8zXzUiOiIiLCJkZWZhdWx0XzNfOCI6IiIsImRlZmF1bHRfNF8yIjoiIiwiZGVmYXVsdF80XzMiOiIiLCJkZWZhdWx0XzRfNCI6IiIsImRlZmF1bHRfNF81IjoiIiwiZGVmYXVsdF80XzgiOiIifQ==');
INSERT INTO `cu_permissions_data` VALUES (481,2,'cu_language_rich_content','eyJ2YWx1ZV8xXzIiOiI1IiwidmFsdWVfMV8zIjoiOCIsInZhbHVlXzFfNCI6IjEwIiwidmFsdWVfMV81IjoiMTMiLCJ2YWx1ZV8xXzgiOiIxNiIsInZhbHVlXzJfMiI6IjUiLCJ2YWx1ZV8yXzMiOiI4IiwidmFsdWVfMl80IjoiMTAiLCJ2YWx1ZV8yXzUiOiIxMyIsInZhbHVlXzJfOCI6IjE2IiwidmFsdWVfM18yIjoiNSIsInZhbHVlXzNfMyI6IjgiLCJ2YWx1ZV8zXzQiOiIxMCIsInZhbHVlXzNfNSI6IjEzIiwidmFsdWVfM184IjoiMTYiLCJ2YWx1ZV80XzIiOiI1IiwidmFsdWVfNF8zIjoiOCIsInZhbHVlXzRfNCI6IjEwIiwidmFsdWVfNF81IjoiMTMiLCJ2YWx1ZV80XzgiOiIxNiIsImRlZmF1bHRfMV8yIjoiIiwiZGVmYXVsdF8xXzMiOiIiLCJkZWZhdWx0XzFfNCI6IiIsImRlZmF1bHRfMV81IjoiIiwiZGVmYXVsdF8xXzgiOiIiLCJkZWZhdWx0XzJfMiI6IiIsImRlZmF1bHRfMl8zIjoiIiwiZGVmYXVsdF8yXzQiOiIiLCJkZWZhdWx0XzJfNSI6IiIsImRlZmF1bHRfMl84IjoiIiwiZGVmYXVsdF8zXzIiOiIiLCJkZWZhdWx0XzNfMyI6IiIsImRlZmF1bHRfM180IjoiIiwiZGVmYXVsdF8zXzUiOiIiLCJkZWZhdWx0XzNfOCI6IiIsImRlZmF1bHRfNF8yIjoiIiwiZGVmYXVsdF80XzMiOiIiLCJkZWZhdWx0XzRfNCI6IiIsImRlZmF1bHRfNF81IjoiIiwiZGVmYXVsdF80XzgiOiIifQ==');
INSERT INTO `cu_permissions_data` VALUES (527,4,'cu_permissions','eyJ2YWx1ZV8xXzEwIjoiMSIsInZhbHVlXzJfMTAiOiIxIiwidmFsdWVfM18xMCI6IjEiLCJ2YWx1ZV80XzEwIjoiMSIsImRlZmF1bHRfMV8xMCI6IiIsImRlZmF1bHRfMl8xMCI6IiIsImRlZmF1bHRfM18xMCI6IiIsImRlZmF1bHRfNF8xMCI6IiJ9');
INSERT INTO `cu_permissions_data` VALUES (529,4,'cu_permissions_group','eyJ2YWx1ZV8xXzEwIjoiMSIsInZhbHVlXzJfMTAiOiIxIiwidmFsdWVfM18xMCI6IjEiLCJ2YWx1ZV80XzEwIjoiMSIsImRlZmF1bHRfMV8xMCI6IiIsImRlZmF1bHRfMl8xMCI6IiIsImRlZmF1bHRfM18xMCI6IiIsImRlZmF1bHRfNF8xMCI6IiJ9');
INSERT INTO `cu_permissions_data` VALUES (530,4,'cu_permissions_values','eyJ2YWx1ZV8xXzEwIjoiMSIsInZhbHVlXzJfMTAiOiIxIiwidmFsdWVfM18xMCI6IjEiLCJ2YWx1ZV80XzEwIjoiMSIsImRlZmF1bHRfMV8xMCI6IiIsImRlZmF1bHRfMl8xMCI6IiIsImRlZmF1bHRfM18xMCI6IiIsImRlZmF1bHRfNF8xMCI6IiJ9');
INSERT INTO `cu_permissions_data` VALUES (543,4,'cu_user_groups,site_login','eyJ2YWx1ZV8xXzEwIjoiMSIsInZhbHVlXzJfMTAiOiIxIiwidmFsdWVfM18xMCI6IjEiLCJ2YWx1ZV80XzEwIjoiMSIsImRlZmF1bHRfMV8xMCI6IiIsImRlZmF1bHRfMl8xMCI6IiIsImRlZmF1bHRfM18xMCI6IiIsImRlZmF1bHRfNF8xMCI6IiJ9');
INSERT INTO `cu_permissions_data` VALUES (544,4,'cu_user_groups,admin_login','eyJ2YWx1ZV8xXzEwIjoiMSIsInZhbHVlXzJfMTAiOiIxIiwidmFsdWVfM18xMCI6IjEiLCJ2YWx1ZV80XzEwIjoiMSIsImRlZmF1bHRfMV8xMCI6IiIsImRlZmF1bHRfMl8xMCI6IiIsImRlZmF1bHRfM18xMCI6IiIsImRlZmF1bHRfNF8xMCI6IiJ9');
INSERT INTO `cu_permissions_data` VALUES (545,4,'cu_user_groups,super_admin_login','eyJ2YWx1ZV8xXzEwIjoiMSIsInZhbHVlXzJfMTAiOiIxIiwidmFsdWVfM18xMCI6IjEiLCJ2YWx1ZV80XzEwIjoiMSIsImRlZmF1bHRfMV8xMCI6IiIsImRlZmF1bHRfMl8xMCI6IiIsImRlZmF1bHRfM18xMCI6IiIsImRlZmF1bHRfNF8xMCI6IiJ9');
INSERT INTO `cu_permissions_data` VALUES (546,4,'cu_user_groups,enabled','eyJ2YWx1ZV8xXzEwIjoiMSIsInZhbHVlXzJfMTAiOiIxIiwidmFsdWVfM18xMCI6IjEiLCJ2YWx1ZV80XzEwIjoiMSIsImRlZmF1bHRfMV8xMCI6IiIsImRlZmF1bHRfMl8xMCI6IiIsImRlZmF1bHRfM18xMCI6IiIsImRlZmF1bHRfNF8xMCI6IiJ9');
INSERT INTO `cu_permissions_data` VALUES (642,4,'cu_menus,language','eyJ2YWx1ZV8xXzEwIjoiMSIsInZhbHVlXzJfMTAiOiIxIiwidmFsdWVfM18xMCI6IjEiLCJ2YWx1ZV80XzEwIjoiMSIsImRlZmF1bHRfMV8xMCI6IiIsImRlZmF1bHRfMl8xMCI6IiIsImRlZmF1bHRfM18xMCI6IiIsImRlZmF1bHRfNF8xMCI6IiJ9');
INSERT INTO `cu_permissions_data` VALUES (655,5,'cu_users,name','eyJ2YWx1ZV8xXzciOiIxOSIsInZhbHVlXzFfMTEiOiIyMSIsInZhbHVlXzJfNyI6IjE5IiwidmFsdWVfMl8xMSI6IjIxIiwidmFsdWVfM183IjoiMTkiLCJ2YWx1ZV8zXzExIjoiMjEiLCJ2YWx1ZV80XzciOiIxOSIsInZhbHVlXzRfMTEiOiIyMSIsImRlZmF1bHRfMV83IjoiIiwiZGVmYXVsdF8xXzExIjoiIiwiZGVmYXVsdF8yXzciOiIiLCJkZWZhdWx0XzJfMTEiOiIiLCJkZWZhdWx0XzNfNyI6IiIsImRlZmF1bHRfM18xMSI6IiIsImRlZmF1bHRfNF83IjoiIiwiZGVmYXVsdF80XzExIjoiIn0=');
INSERT INTO `cu_permissions_data` VALUES (669,3,'79','eyJ2YWx1ZV8xXzEiOiIzIiwidmFsdWVfMl8xIjoiMyIsInZhbHVlXzNfMSI6IjMiLCJ2YWx1ZV80XzEiOiIzIiwiZGVmYXVsdF8xXzEiOiIiLCJkZWZhdWx0XzJfMSI6IiIsImRlZmF1bHRfM18xIjoiIiwiZGVmYXVsdF80XzEiOiIifQ==');
INSERT INTO `cu_permissions_data` VALUES (670,3,'91','eyJ2YWx1ZV8xXzEiOiIzIiwidmFsdWVfMl8xIjoiNCIsInZhbHVlXzNfMSI6IjQiLCJ2YWx1ZV80XzEiOiI0IiwiZGVmYXVsdF8xXzEiOiIiLCJkZWZhdWx0XzJfMSI6IiIsImRlZmF1bHRfM18xIjoiIiwiZGVmYXVsdF80XzEiOiIifQ==');
INSERT INTO `cu_permissions_data` VALUES (671,3,'82','eyJ2YWx1ZV8xXzEiOiIzIiwidmFsdWVfMl8xIjoiNCIsInZhbHVlXzNfMSI6IjQiLCJ2YWx1ZV80XzEiOiI0IiwiZGVmYXVsdF8xXzEiOiIiLCJkZWZhdWx0XzJfMSI6IiIsImRlZmF1bHRfM18xIjoiIiwiZGVmYXVsdF80XzEiOiIifQ==');
INSERT INTO `cu_permissions_data` VALUES (675,3,'83','eyJ2YWx1ZV8xXzEiOiIzIiwidmFsdWVfMl8xIjoiNCIsInZhbHVlXzNfMSI6IjQiLCJ2YWx1ZV80XzEiOiI0IiwiZGVmYXVsdF8xXzEiOiIiLCJkZWZhdWx0XzJfMSI6IiIsImRlZmF1bHRfM18xIjoiIiwiZGVmYXVsdF80XzEiOiIifQ==');
INSERT INTO `cu_permissions_data` VALUES (679,3,'87','eyJ2YWx1ZV8xXzEiOiIzIiwidmFsdWVfMl8xIjoiNCIsInZhbHVlXzNfMSI6IjQiLCJ2YWx1ZV80XzEiOiI0IiwiZGVmYXVsdF8xXzEiOiIiLCJkZWZhdWx0XzJfMSI6IiIsImRlZmF1bHRfM18xIjoiIiwiZGVmYXVsdF80XzEiOiIifQ==');
INSERT INTO `cu_permissions_data` VALUES (685,3,'96','eyJ2YWx1ZV8xXzEiOiIzIiwidmFsdWVfMl8xIjoiNCIsInZhbHVlXzNfMSI6IjQiLCJ2YWx1ZV80XzEiOiI0IiwiZGVmYXVsdF8xXzEiOiIiLCJkZWZhdWx0XzJfMSI6IiIsImRlZmF1bHRfM18xIjoiIiwiZGVmYXVsdF80XzEiOiIifQ==');
INSERT INTO `cu_permissions_data` VALUES (689,3,'90','eyJ2YWx1ZV8xXzEiOiIzIiwidmFsdWVfMl8xIjoiNCIsInZhbHVlXzNfMSI6IjQiLCJ2YWx1ZV80XzEiOiI0IiwiZGVmYXVsdF8xXzEiOiIiLCJkZWZhdWx0XzJfMSI6IiIsImRlZmF1bHRfM18xIjoiIiwiZGVmYXVsdF80XzEiOiIifQ==');
INSERT INTO `cu_permissions_data` VALUES (698,3,'92','eyJ2YWx1ZV8xXzEiOiIzIiwidmFsdWVfMl8xIjoiNCIsInZhbHVlXzNfMSI6IjQiLCJ2YWx1ZV80XzEiOiI0IiwiZGVmYXVsdF8xXzEiOiIiLCJkZWZhdWx0XzJfMSI6IiIsImRlZmF1bHRfM18xIjoiIiwiZGVmYXVsdF80XzEiOiIifQ==');
INSERT INTO `cu_permissions_data` VALUES (703,3,'119','eyJ2YWx1ZV8xXzEiOiIzIiwidmFsdWVfMl8xIjoiMyIsInZhbHVlXzNfMSI6IjMiLCJ2YWx1ZV80XzEiOiIzIiwiZGVmYXVsdF8xXzEiOiIiLCJkZWZhdWx0XzJfMSI6IiIsImRlZmF1bHRfM18xIjoiIiwiZGVmYXVsdF80XzEiOiIifQ==');
INSERT INTO `cu_permissions_data` VALUES (705,3,'116','eyJ2YWx1ZV8xXzEiOiIzIiwidmFsdWVfMl8xIjoiNCIsInZhbHVlXzNfMSI6IjQiLCJ2YWx1ZV80XzEiOiI0IiwiZGVmYXVsdF8xXzEiOiIiLCJkZWZhdWx0XzJfMSI6IiIsImRlZmF1bHRfM18xIjoiIiwiZGVmYXVsdF80XzEiOiIifQ==');
INSERT INTO `cu_permissions_data` VALUES (781,3,'1','eyJ2YWx1ZV8xXzEiOiIzIiwidmFsdWVfMl8xIjoiNCIsInZhbHVlXzNfMSI6IjQiLCJ2YWx1ZV80XzEiOiI0IiwiZGVmYXVsdF8xXzEiOiIiLCJkZWZhdWx0XzJfMSI6IiIsImRlZmF1bHRfM18xIjoiIiwiZGVmYXVsdF80XzEiOiIifQ==');
DROP TABLE IF EXISTS `cu_permissions_group`;
CREATE TABLE `cu_permissions_group` (
  `id` int(11) NOT NULL AUTO_INCREMENT,
  `name` varchar(255) DEFAULT NULL,
  PRIMARY KEY (`id`)
) ENGINE=InnoDB AUTO_INCREMENT=6 DEFAULT CHARSET=utf8;

INSERT INTO `cu_permissions_group` VALUES (1,'ungroup');
INSERT INTO `cu_permissions_group` VALUES (2,'table');
INSERT INTO `cu_permissions_group` VALUES (3,'menu');
INSERT INTO `cu_permissions_group` VALUES (4,'filters');
INSERT INTO `cu_permissions_group` VALUES (5,'table field');
DROP TABLE IF EXISTS `cu_permissions_values`;
CREATE TABLE `cu_permissions_values` (
  `id` int(11) NOT NULL AUTO_INCREMENT,
  `value` varchar(50) DEFAULT NULL,
  `permission` varchar(255) DEFAULT NULL,
  PRIMARY KEY (`id`)
) ENGINE=InnoDB AUTO_INCREMENT=27 DEFAULT CHARSET=utf8;

INSERT INTO `cu_permissions_values` VALUES (1,'enable','10');
INSERT INTO `cu_permissions_values` VALUES (2,'disable','10');
INSERT INTO `cu_permissions_values` VALUES (3,'true','1');
INSERT INTO `cu_permissions_values` VALUES (4,'false','1');
INSERT INTO `cu_permissions_values` VALUES (5,'true','2');
INSERT INTO `cu_permissions_values` VALUES (6,'false','2');
INSERT INTO `cu_permissions_values` VALUES (7,'only own info','2');
INSERT INTO `cu_permissions_values` VALUES (8,'true','3');
INSERT INTO `cu_permissions_values` VALUES (9,'false','3');
INSERT INTO `cu_permissions_values` VALUES (10,'true','4');
INSERT INTO `cu_permissions_values` VALUES (11,'false','4');
INSERT INTO `cu_permissions_values` VALUES (12,'only own info','4');
INSERT INTO `cu_permissions_values` VALUES (13,'true','5');
INSERT INTO `cu_permissions_values` VALUES (14,'false','5');
INSERT INTO `cu_permissions_values` VALUES (15,'only own info','5');
INSERT INTO `cu_permissions_values` VALUES (16,'true','8');
INSERT INTO `cu_permissions_values` VALUES (17,'false','8');
INSERT INTO `cu_permissions_values` VALUES (18,'only own info','8');
INSERT INTO `cu_permissions_values` VALUES (19,'true','7');
INSERT INTO `cu_permissions_values` VALUES (20,'false','7');
INSERT INTO `cu_permissions_values` VALUES (21,'true','11');
INSERT INTO `cu_permissions_values` VALUES (22,'false','11');
INSERT INTO `cu_permissions_values` VALUES (23,'blocked','7');
INSERT INTO `cu_permissions_values` VALUES (24,'hidden','10');
INSERT INTO `cu_permissions_values` VALUES (25,'blocked','10');
INSERT INTO `cu_permissions_values` VALUES (26,'hidden','7');
DROP TABLE IF EXISTS `cu_tables`;
CREATE TABLE `cu_tables` (
  `id` int(11) NOT NULL AUTO_INCREMENT,
  `table_name` varchar(45) NOT NULL,
  `params` text NOT NULL,
  PRIMARY KEY (`id`),
  UNIQUE KEY `table_name_UNIQUE` (`table_name`)
) ENGINE=InnoDB AUTO_INCREMENT=37 DEFAULT CHARSET=utf8 COMMENT='Content the table info. Example: [1, Products, {field name:';

INSERT INTO `cu_tables` VALUES (20,'cu_permissions','eyJpZCI6eyJ0eXBlIjoiSWQiLCJsYWJlbCI6IklkIiwic2hvd0xpc3QiOjEsImluY2x1ZGVEb3dubG9hZCI6MSwicmVxdWlyZWQiOjF9LCJuYW1lIjp7InR5cGUiOiJUZXh0IiwibGFiZWwiOiJOYW1lIiwic2hvd0xpc3QiOjEsImluY2x1ZGVEb3dubG9hZCI6MSwicmVxdWlyZWQiOjAsImNvbmZpZyI6ImV5SjBlWEJsSWpvaWRHVjRkQ0lzSW0xaGVHeGxibWQwYUNJNklpSXNJbVJwYzJGaWJHVWlPbVpoYkhObExDSjBiMjlzZEdsd0lqb2lJaXdpZEc5dmJIUnBjRjlzWVc1blgzSmxabVZ5Wlc1alpTSTZabUZzYzJVc0luZHBaSFJvSWpvaUlpd2laR1ZtWVhWc2RDSTZJaUo5In0sImdyb3VwIjp7InR5cGUiOiJTZWxlY3QiLCJsYWJlbCI6Ikdyb3VwIiwic2hvd0xpc3QiOjEsImluY2x1ZGVEb3dubG9hZCI6MSwicmVxdWlyZWQiOjAsImNvbmZpZyI6ImV5SmtZWFJoSWpwN0luUmhZbXhsWDI1aGJXVWlPaUpqZFY5d1pYSnRhWE56YVc5dWMxOW5jbTkxY0NJc0ltUmhkR0ZmWTI5c2RXMXVJam9pYVdRaUxDSnNZV0psYkY5amIyeDFiVzRpT2lKdVlXMWxJaXdpZDJobGNtVmZZMjlzZFcxdUlqb2lJaXdpYm1WemRHVmtYMk52YkhWdGJpSTZJaUlzSW5CaGNtVnVkRjlqYjJ4MWJXNGlPaUlpZlN3aVpYaDBjbUZRWVhKaGJYTWlPbnNpYkdGdVozVmhaMlZmY21WbVpYSmxibU5sSWpwbVlXeHpaU3dpWVdSa1gyTjFjM1J2YlY5cGRHVnRJam93TENKamRYTjBiMjFmWkdGMFlTSTZJaUlzSW1OMWMzUnZiVjlzWVdKbGJDSTZJaUlzSW5kcFpIUm9Jam9pSW4wc0luUnZiMngwYVhBaU9pSWlMQ0owYjI5c2RHbHdYMnhoYm1kZmNtVm1aWEpsYm1ObElqcG1ZV3h6WlgwPSJ9LCJhY2NlcHRfZGVmYXVsdF92YWx1ZSI6eyJ0eXBlIjoiU2VsZWN0IiwibGFiZWwiOiJBY2NlcHQgZGVmYXVsdCB2YWx1ZSIsInNob3dMaXN0IjoxLCJpbmNsdWRlRG93bmxvYWQiOjEsInJlcXVpcmVkIjowLCJjb25maWciOiJleUprWVhSaElqcGJXeUl3SWl3aVptRnNjMlVpWFN4YklqRWlMQ0owY25WbElsMWRMQ0psZUhSeVlWQmhjbUZ0Y3lJNmV5SnNZVzVuZFdGblpWOXlaV1psY21WdVkyVWlPbVpoYkhObExDSmhaR1JmWTNWemRHOXRYMmwwWlcwaU9qQXNJbU4xYzNSdmJWOWtZWFJoSWpvaUlpd2lZM1Z6ZEc5dFgyeGhZbVZzSWpvaUlpd2lkMmxrZEdnaU9pSWlmU3dpZEc5dmJIUnBjQ0k2SWlJc0luUnZiMngwYVhCZmJHRnVaMTl5WldabGNtVnVZMlVpT21aaGJITmxmUT09In0sInNob3dfbGlzdF9saWtlX3RyZWUiOjAsInNob3dfbGlzdF9saWtlX3RyZWVfY29sdW1uIjoiaWQiLCJzaG93X2xpc3RfbGlrZV90cmVlX3ZhbGlkYXRlIjoiaWQiLCJzaG93X2xpc3RfbGlrZV90cmVlX2luZGljYXRvciI6ImlkIiwibGFuZ3VhZ2VfZmlsZV9yZWZlcmVuY2UiOiIiLCJjdXN0b21fdGFibGVfbmFtZSI6IiIsImN1c3RvbV90YWJsZV9uYW1lX2xhbmd1YWdlX3JlZmVyZW5jZSI6MCwib3JkZXJfYnkiOiJpZCIsIm9yZGVyX2J5X29yZGVyIjoiQVNDIiwibGlzdF9saW1pdCI6IiIsInByaW1hcnlfa2V5IjoiaWQiLCJvcHRpb25fcGFuZWwiOiJXM3NpYVcxaFoyVmZjM0pqSWpvaWJXVmthV0V2ZFhCc2IyRmtYMlpwYkdWekwyUmxabUYxYkhRdWFuQm5JaXdpZFhKc0lqb2lZMjl0Y0c5dVpXNTBMM1JoWW14bFgyMWhibUZuWlhJdmRtbGxkeTlqZFY5d1pYSnRhWE56YVc5dWMxOTJZV3gxWlhNdklpd2lkbUZ5WDI1aGJXVWlPaUp3WlhKdGFYTnphVzl1UFdsa0ptWnBiSFJsY2w5d1pYSnRhWE56YVc5dVBXbGtJaXdpZEc5dmJIUnBjQ0k2SWtGa1pDQjJZV3gxWlNKOVhRPT0iLCJpbmNsdWRlX2ZpbGUiOiIifQ==');
INSERT INTO `cu_tables` VALUES (21,'cu_menus','eyJpZCI6eyJ0eXBlIjoiSWQiLCJsYWJlbCI6ImlkIiwic2hvd0xpc3QiOjEsImluY2x1ZGVEb3dubG9hZCI6MSwicmVxdWlyZWQiOjF9LCJuYW1lIjp7InR5cGUiOiJUZXh0IiwibGFiZWwiOiJuYW1lIiwic2hvd0xpc3QiOjEsImluY2x1ZGVEb3dubG9hZCI6MSwicmVxdWlyZWQiOjEsImNvbmZpZyI6ImV5SjBlWEJsSWpvaWRHVjRkQ0o5In0sImRlc2NyaXB0aW9uIjp7InR5cGUiOiJUZXh0IiwibGFiZWwiOiJkZXNjcmlwdGlvbiIsInNob3dMaXN0IjoxLCJpbmNsdWRlRG93bmxvYWQiOjEsInJlcXVpcmVkIjowLCJjb25maWciOiJleUowZVhCbElqb2lkR1Y0ZENKOSJ9LCJsYW5ndWFnZSI6eyJ0eXBlIjoiTGFuZ3VhZ2VfU2VsZWN0b3IiLCJsYWJlbCI6Ikxhbmd1YWdlIiwic2hvd0xpc3QiOjEsImluY2x1ZGVEb3dubG9hZCI6MSwicmVxdWlyZWQiOjF9LCJzaG93X2xpc3RfbGlrZV90cmVlIjowLCJzaG93X2xpc3RfbGlrZV90cmVlX2NvbHVtbiI6ImlkIiwic2hvd19saXN0X2xpa2VfdHJlZV92YWxpZGF0ZSI6ImlkIiwic2hvd19saXN0X2xpa2VfdHJlZV9pbmRpY2F0b3IiOiJpZCIsImxhbmd1YWdlX2ZpbGVfcmVmZXJlbmNlIjoiIiwiY3VzdG9tX3RhYmxlX25hbWUiOiIiLCJjdXN0b21fdGFibGVfbmFtZV9sYW5ndWFnZV9yZWZlcmVuY2UiOjAsIm9yZGVyX2J5IjoiaWQiLCJvcmRlcl9ieV9vcmRlciI6IkFTQyIsImxpc3RfbGltaXQiOiIiLCJwcmltYXJ5X2tleSI6ImlkIiwib3B0aW9uX3BhbmVsIjoiVzNzaWFXMWhaMlZmYzNKaklqb2liV1ZrYVdFdmRYQnNiMkZrWDJacGJHVnpMMlJsWm1GMWJIUXVhbkJuSWl3aWRYSnNJam9pWTI5dGNHOXVaVzUwTDIxbGJuVXZJaXdpZG1GeVgyNWhiV1VpT2lKdFpXNTFYMlpwYkhSbGNqMXBaQ0lzSW5SdmIyeDBhWEFpT2lKbFpHbDBYMjFsYm5VaWZWMD0iLCJpbmNsdWRlX2ZpbGUiOiIifQ==');
INSERT INTO `cu_tables` VALUES (22,'cu_menu_item_type','eyJpZCI6eyJ0eXBlIjoiSWQiLCJsYWJlbCI6ImlkIiwibGFuZ1JlZmVyZW5jZSI6MSwic2hvd0xpc3QiOjEsImluY2x1ZGVEb3dubG9hZCI6MSwicmVxdWlyZWQiOjEsInZhbGlkYXRlIjoiIn0sIm5hbWUiOnsidHlwZSI6IlRleHQiLCJsYWJlbCI6Im5hbWUiLCJsYW5nUmVmZXJlbmNlIjoxLCJzaG93TGlzdCI6MSwiaW5jbHVkZURvd25sb2FkIjoxLCJyZXF1aXJlZCI6MSwiY29uZmlnIjoiZXlKMGVYQmxJam9pZEdWNGRDSjkiLCJ2YWxpZGF0ZSI6IiJ9LCJzaG93X2xpc3RfbGlrZV90cmVlIjowLCJzaG93X2xpc3RfbGlrZV90cmVlX2NvbHVtbiI6ImlkIiwic2hvd19saXN0X2xpa2VfdHJlZV92YWxpZGF0ZSI6ImlkIiwic2hvd19saXN0X2xpa2VfdHJlZV9pbmRpY2F0b3IiOiJpZCIsInByaW1hcnlfa2V5IjoiaWQiLCJvcHRpb25fcGFuZWwiOiIifQ==');
INSERT INTO `cu_tables` VALUES (25,'cu_user_groups','eyJpZCI6eyJ0eXBlIjoiSWQiLCJsYWJlbCI6ImlkIiwic2hvd0xpc3QiOjEsImluY2x1ZGVEb3dubG9hZCI6MSwicmVxdWlyZWQiOjF9LCJuYW1lIjp7InR5cGUiOiJUZXh0IiwibGFiZWwiOiJuYW1lIiwic2hvd0xpc3QiOjEsImluY2x1ZGVEb3dubG9hZCI6MSwicmVxdWlyZWQiOjEsImNvbmZpZyI6ImV5SjBlWEJsSWpvaWRHVjRkQ0o5In0sInNpdGVfbG9naW4iOnsidHlwZSI6IlNlbGVjdCIsImxhYmVsIjoic2l0ZV9sb2dpbiIsInNob3dMaXN0IjoxLCJpbmNsdWRlRG93bmxvYWQiOjEsInJlcXVpcmVkIjoxLCJjb25maWciOiJleUprWVhSaElqcGJXeUl4SWl3Z0luUnlkV1VpWFN4YklqQWlMQ0FpWm1Gc2MyVWlYVjBzSUNKbGVIUnlZVkJoY21GdGN5STZleUpoWkdSZlkzVnpkRzl0WDJsMFpXMGlPaUl3SWl3Z0ltTjFjM1J2YlY5a1lYUmhJam9pSWl3aVkzVnpkRzl0WDJ4aFltVnNJam9pSWl3Z0lteGhibWQxWVdkbFgzSmxabVZ5Wlc1alpTSTZJakVpSUgxOSJ9LCJhZG1pbl9sb2dpbiI6eyJ0eXBlIjoiU2VsZWN0IiwibGFiZWwiOiJhZG1pbl9sb2dpbiIsInNob3dMaXN0IjoxLCJpbmNsdWRlRG93bmxvYWQiOjEsInJlcXVpcmVkIjoxLCJjb25maWciOiJleUprWVhSaElqcGJXeUl4SWl3Z0luUnlkV1VpWFN4YklqQWlMQ0FpWm1Gc2MyVWlYVjBzSUNKbGVIUnlZVkJoY21GdGN5STZleUpoWkdSZlkzVnpkRzl0WDJsMFpXMGlPaUl3SWl3Z0ltTjFjM1J2YlY5a1lYUmhJam9pSWl3aVkzVnpkRzl0WDJ4aFltVnNJam9pSWl3Z0lteGhibWQxWVdkbFgzSmxabVZ5Wlc1alpTSTZJakVpSUgxOSJ9LCJzdXBlcl9hZG1pbl9sb2dpbiI6eyJ0eXBlIjoiU2VsZWN0IiwibGFiZWwiOiJzdXBlcl9hZG1pbl9sb2dpbiIsInNob3dMaXN0IjoxLCJpbmNsdWRlRG93bmxvYWQiOjEsInJlcXVpcmVkIjoxLCJjb25maWciOiJleUprWVhSaElqcGJXeUl4SWl3Z0luUnlkV1VpWFN4YklqQWlMQ0FpWm1Gc2MyVWlYVjBzSUNKbGVIUnlZVkJoY21GdGN5STZleUpoWkdSZlkzVnpkRzl0WDJsMFpXMGlPaUl3SWl3Z0ltTjFjM1J2YlY5a1lYUmhJam9pSWl3aVkzVnpkRzl0WDJ4aFltVnNJam9pSWl3Z0lteGhibWQxWVdkbFgzSmxabVZ5Wlc1alpTSTZJakVpSUgxOSJ9LCJlbmFibGVkIjp7InR5cGUiOiJTZWxlY3QiLCJsYWJlbCI6ImVuYWJsZWQiLCJzaG93TGlzdCI6MSwiaW5jbHVkZURvd25sb2FkIjoxLCJyZXF1aXJlZCI6MSwiY29uZmlnIjoiZXlKa1lYUmhJanBiV3lJeElpd2dJblJ5ZFdVaVhTeGJJakFpTENBaVptRnNjMlVpWFYwc0lDSmxlSFJ5WVZCaGNtRnRjeUk2ZXlKaFpHUmZZM1Z6ZEc5dFgybDBaVzBpT2lJd0lpd2dJbU4xYzNSdmJWOWtZWFJoSWpvaUlpd2lZM1Z6ZEc5dFgyeGhZbVZzSWpvaUlpd2dJbXhoYm1kMVlXZGxYM0psWm1WeVpXNWpaU0k2SWpFaUlIMTkifSwic2hvd19saXN0X2xpa2VfdHJlZSI6MCwic2hvd19saXN0X2xpa2VfdHJlZV9jb2x1bW4iOiJpZCIsInNob3dfbGlzdF9saWtlX3RyZWVfdmFsaWRhdGUiOiJpZCIsInNob3dfbGlzdF9saWtlX3RyZWVfaW5kaWNhdG9yIjoiaWQiLCJsYW5ndWFnZV9maWxlX3JlZmVyZW5jZSI6IiIsImN1c3RvbV90YWJsZV9uYW1lIjoiIiwiY3VzdG9tX3RhYmxlX25hbWVfbGFuZ3VhZ2VfcmVmZXJlbmNlIjowLCJvcmRlcl9ieSI6bnVsbCwib3JkZXJfYnlfb3JkZXIiOm51bGwsImxpc3RfbGltaXQiOiIiLCJwcmltYXJ5X2tleSI6ImlkIiwib3B0aW9uX3BhbmVsIjoiIiwiaW5jbHVkZV9maWxlIjoiIn0=');
INSERT INTO `cu_tables` VALUES (26,'cu_users','eyJpZCI6eyJ0eXBlIjoiSWQiLCJsYWJlbCI6ImlkIiwic2hvd0xpc3QiOjEsImluY2x1ZGVEb3dubG9hZCI6MSwicmVxdWlyZWQiOjF9LCJuYW1lIjp7InR5cGUiOiJUZXh0IiwibGFiZWwiOiJuYW1lIiwic2hvd0xpc3QiOjEsImluY2x1ZGVEb3dubG9hZCI6MSwicmVxdWlyZWQiOjEsImNvbmZpZyI6ImV5SjBlWEJsSWpvaWRHVjRkQ0o5In0sImVtYWlsIjp7InR5cGUiOiJUZXh0IiwibGFiZWwiOiJlbWFpbCIsInNob3dMaXN0IjoxLCJpbmNsdWRlRG93bmxvYWQiOjEsInJlcXVpcmVkIjoxLCJjb25maWciOiJleUowZVhCbElqb2laVzFoYVd3aWZRPT0ifSwidXNlcm5hbWUiOnsidHlwZSI6IlRleHQiLCJsYWJlbCI6InVzZXJuYW1lIiwic2hvd0xpc3QiOjEsImluY2x1ZGVEb3dubG9hZCI6MSwicmVxdWlyZWQiOjEsImNvbmZpZyI6ImV5SjBlWEJsSWpvaWRHVjRkQ0o5In0sInBhc3N3b3JkIjp7InR5cGUiOiJUZXh0IiwibGFiZWwiOiJwYXNzd29yZCIsInNob3dMaXN0IjowLCJpbmNsdWRlRG93bmxvYWQiOjAsInJlcXVpcmVkIjoxLCJjb25maWciOiJleUowZVhCbElqb2ljR0Z6YzNkdmNtUWlMQ0psYm1OdlpHVWlPaUpuYkc5aVlXeGZaVzVqYjJSbElpd2liV0Y0YkdWdVozUm9Jam9pSW4wPSJ9LCJpbWFnZSI6eyJ0eXBlIjoiRmlsZSIsImxhYmVsIjoiSW1hZ2UiLCJzaG93TGlzdCI6MCwiaW5jbHVkZURvd25sb2FkIjoxLCJyZXF1aXJlZCI6MCwiY29uZmlnIjoiZXlKbWIyeGtaWElpT2lKdFpXUnBZUzkxYzJWeVgybHRZV2RsY3lJc0luVnVhWEYxWlY5dVlXMWxJam93TENKemFHOTNYMmx0WVdkbElqb3hMQ0prYVcxbGJuUnBiMjVmY0hKcGIzSnBkSGtpT2lKb1pXbG5hSFFpTENKa2FXMWxiblJwYjI1ZmFXMWhaMlVpT2lJMU1DSXNJbVJ2ZDI1c2IyRmtYMlZ1WVdKc1pXUWlPakVzSW1ScGMyRmliR1VpT21aaGJITmxMQ0owYjI5c2RHbHdJam9pSWl3aWRHOXZiSFJwY0Y5c1lXNW5YM0psWm1WeVpXNWpaU0k2Wm1Gc2MyVXNJbmRwWkhSb0lqb2lJbjA9In0sInVzZXJfZ3JvdXBfaWQiOnsidHlwZSI6IlNlbGVjdCIsImxhYmVsIjoidXNlcl9ncm91cF9pZCIsInNob3dMaXN0IjoxLCJpbmNsdWRlRG93bmxvYWQiOjEsInJlcXVpcmVkIjoxLCJjb25maWciOiJleUprWVhSaElqcDdJblJoWW14bFgyNWhiV1VpT2lKamRWOTFjMlZ5WDJkeWIzVndjeUlzSUNKa1lYUmhYMk52YkhWdGJpSTZJbWxrSWl3Z0lteGhZbVZzWDJOdmJIVnRiaUk2SW01aGJXVWlmU3dnSW1WNGRISmhVR0Z5WVcxeklqcDdJbUZrWkY5amRYTjBiMjFmYVhSbGJTSTZJakFpTENBaVkzVnpkRzl0WDJSaGRHRWlPaUlpTENKamRYTjBiMjFmYkdGaVpXd2lPaUlpTENBaWJHRnVaM1ZoWjJWZmNtVm1aWEpsYm1ObElqb2lNQ0lnZlgwPSJ9LCJlbmFibGVkIjp7InR5cGUiOiJTZWxlY3QiLCJsYWJlbCI6ImVuYWJsZWQiLCJzaG93TGlzdCI6MSwiaW5jbHVkZURvd25sb2FkIjoxLCJyZXF1aXJlZCI6MSwiY29uZmlnIjoiZXlKa1lYUmhJanBiV3lJeElpd2dJblJ5ZFdVaVhTeGJJakFpTENBaVptRnNjMlVpWFYwc0lDSmxlSFJ5WVZCaGNtRnRjeUk2ZXlKaFpHUmZZM1Z6ZEc5dFgybDBaVzBpT2lJd0lpd2dJbU4xYzNSdmJWOWtZWFJoSWpvaUlpd2lZM1Z6ZEc5dFgyeGhZbVZzSWpvaUlpd2dJbXhoYm1kMVlXZGxYM0psWm1WeVpXNWpaU0k2SWpFaUlIMTkifSwiZGF0ZV9yZWdpc3RlcmVkIjp7InR5cGUiOiJEYXRlIiwibGFiZWwiOiJEYXRlIHJlZ2lzdGVyZWQiLCJzaG93TGlzdCI6MSwiaW5jbHVkZURvd25sb2FkIjoxLCJyZXF1aXJlZCI6MSwiY29uZmlnIjoiZXlKMGVYQmxJam9pWkdGMFpWQnBZMnRsY2lJc0ltTnZibVpwWnlJNkltRjFkRzlmZEc5a1lYbGZjMlZzWldOMFpXUWlMQ0owYjI5c2RHbHdJam9pSWl3aWRHOXZiSFJwY0Y5c1lXNW5YM0psWm1WeVpXNWpaU0k2Wm1Gc2MyVXNJbmRwWkhSb0lqb2lJaXdpWkdsellXSnNaU0k2Wm1Gc2MyVjkifSwic2hvd19saXN0X2xpa2VfdHJlZSI6MCwic2hvd19saXN0X2xpa2VfdHJlZV9jb2x1bW4iOiJpZCIsInNob3dfbGlzdF9saWtlX3RyZWVfdmFsaWRhdGUiOiJpZCIsInNob3dfbGlzdF9saWtlX3RyZWVfaW5kaWNhdG9yIjoiaWQiLCJsYW5ndWFnZV9maWxlX3JlZmVyZW5jZSI6IiIsImN1c3RvbV90YWJsZV9uYW1lIjoiIiwiY3VzdG9tX3RhYmxlX25hbWVfbGFuZ3VhZ2VfcmVmZXJlbmNlIjowLCJvcmRlcl9ieSI6ImlkIiwib3JkZXJfYnlfb3JkZXIiOiJBU0MiLCJsaXN0X2xpbWl0IjoiIiwicHJpbWFyeV9rZXkiOiJpZCIsIm9wdGlvbl9wYW5lbCI6IiIsImluY2x1ZGVfZmlsZSI6IiJ9');
INSERT INTO `cu_tables` VALUES (32,'cu_permissions_group','eyJpZCI6eyJ0eXBlIjoiSWQiLCJsYWJlbCI6IklkIiwic2hvd0xpc3QiOjEsImluY2x1ZGVEb3dubG9hZCI6MSwicmVxdWlyZWQiOjF9LCJuYW1lIjp7InR5cGUiOiJUZXh0IiwibGFiZWwiOiJOYW1lIiwic2hvd0xpc3QiOjEsImluY2x1ZGVEb3dubG9hZCI6MSwicmVxdWlyZWQiOjAsImNvbmZpZyI6ImV5SjBlWEJsSWpvaWRHVjRkQ0lzSW0xaGVHeGxibWQwYUNJNklpSXNJbVJwYzJGaWJHVWlPbVpoYkhObExDSjBiMjlzZEdsd0lqb2lJaXdpZEc5dmJIUnBjRjlzWVc1blgzSmxabVZ5Wlc1alpTSTZabUZzYzJVc0luZHBaSFJvSWpvaUluMD0ifSwic2hvd19saXN0X2xpa2VfdHJlZSI6MCwic2hvd19saXN0X2xpa2VfdHJlZV9jb2x1bW4iOiJpZCIsInNob3dfbGlzdF9saWtlX3RyZWVfdmFsaWRhdGUiOiJpZCIsInNob3dfbGlzdF9saWtlX3RyZWVfaW5kaWNhdG9yIjoiaWQiLCJsYW5ndWFnZV9maWxlX3JlZmVyZW5jZSI6IiIsImN1c3RvbV90YWJsZV9uYW1lIjoiIiwiY3VzdG9tX3RhYmxlX25hbWVfbGFuZ3VhZ2VfcmVmZXJlbmNlIjowLCJvcmRlcl9ieSI6ImlkIiwib3JkZXJfYnlfb3JkZXIiOiJBU0MiLCJsaXN0X2xpbWl0IjoiIiwicHJpbWFyeV9rZXkiOiJpZCIsIm9wdGlvbl9wYW5lbCI6Ilczc2lhVzFoWjJWZmMzSmpJam9pYldWa2FXRXZkWEJzYjJGa1gyWnBiR1Z6TDJSbFptRjFiSFF1YW5Cbklpd2lkWEpzSWpvaVkyOXRjRzl1Wlc1MEwzUmhZbXhsWDIxaGJtRm5aWEl2ZG1sbGR5OWpkVjl3WlhKdGFYTnphVzl1Y3k4aUxDSjJZWEpmYm1GdFpTSTZJbVpwYkhSbGNsOW5jbTkxY0QxcFpDWm5jbTkxY0QxcFpDSXNJblJ2YjJ4MGFYQWlPaUpCWkdRZ2NHVnliV2x6YzJsdmJpSjlYUT09IiwiaW5jbHVkZV9maWxlIjoiIn0=');
INSERT INTO `cu_tables` VALUES (33,'cu_permissions_values','eyJpZCI6eyJ0eXBlIjoiSWQiLCJsYWJlbCI6IklkIiwic2hvd0xpc3QiOjEsImluY2x1ZGVEb3dubG9hZCI6MSwicmVxdWlyZWQiOjF9LCJ2YWx1ZSI6eyJ0eXBlIjoiVGV4dCIsImxhYmVsIjoiVmFsdWUiLCJzaG93TGlzdCI6MSwiaW5jbHVkZURvd25sb2FkIjoxLCJyZXF1aXJlZCI6MCwiY29uZmlnIjoiZXlKMGVYQmxJam9pZEdWNGRDSXNJbTFoZUd4bGJtZDBhQ0k2SWlJc0ltUnBjMkZpYkdVaU9tWmhiSE5sTENKMGIyOXNkR2x3SWpvaUlpd2lkRzl2YkhScGNGOXNZVzVuWDNKbFptVnlaVzVqWlNJNlptRnNjMlVzSW5kcFpIUm9Jam9pSW4wPSJ9LCJwZXJtaXNzaW9uIjp7InR5cGUiOiJTZWxlY3QiLCJsYWJlbCI6IlBlcm1pc3Npb24iLCJzaG93TGlzdCI6MSwiaW5jbHVkZURvd25sb2FkIjoxLCJyZXF1aXJlZCI6MCwiY29uZmlnIjoiZXlKa1lYUmhJanA3SW5SaFlteGxYMjVoYldVaU9pSmpkVjl3WlhKdGFYTnphVzl1Y3lJc0ltUmhkR0ZmWTI5c2RXMXVJam9pYVdRaUxDSnNZV0psYkY5amIyeDFiVzRpT2lKdVlXMWxJaXdpZDJobGNtVmZZMjlzZFcxdUlqb2lJaXdpYm1WemRHVmtYMk52YkhWdGJpSTZJaUlzSW5CaGNtVnVkRjlqYjJ4MWJXNGlPaUlpTENKa2FXNWhiV2xqWDNWd1pHRjBaVjltYVdWc1pDSTZJaUlzSW1ScGJtRnRhV05mZFhCa1lYUmxYMk52YkhWdGJpSTZJaUo5TENKbGVIUnlZVkJoY21GdGN5STZleUpoWkdSZlkzVnpkRzl0WDJsMFpXMGlPakFzSW1OMWMzUnZiVjlrWVhSaElqb2lJaXdpWTNWemRHOXRYMnhoWW1Wc0lqb2lJaXdpYm05ZmRISmhibk5zWVhSbElqcG1ZV3h6WlN3aWQybGtkR2dpT2lJaWZTd2lkRzl2YkhScGNDSTZJaUo5In0sInNob3dfbGlzdF9saWtlX3RyZWUiOjAsInNob3dfbGlzdF9saWtlX3RyZWVfY29sdW1uIjoiaWQiLCJzaG93X2xpc3RfbGlrZV90cmVlX3ZhbGlkYXRlIjoiaWQiLCJzaG93X2xpc3RfbGlrZV90cmVlX2luZGljYXRvciI6ImlkIiwibGFuZ3VhZ2VfZmlsZV9yZWZlcmVuY2UiOiIiLCJjdXN0b21fdGFibGVfbmFtZSI6IiIsImN1c3RvbV90YWJsZV9uYW1lX2xhbmd1YWdlX3JlZmVyZW5jZSI6MCwib3JkZXJfYnkiOiJpZCIsIm9yZGVyX2J5X29yZGVyIjoiQVNDIiwibGlzdF9saW1pdCI6IiIsInByaW1hcnlfa2V5IjoiaWQiLCJvcHRpb25fcGFuZWwiOiIiLCJpbmNsdWRlX2ZpbGUiOiJXMTA9In0=');
INSERT INTO `cu_tables` VALUES (34,'cu_views','eyJpZCI6eyJ0eXBlIjoiSWQiLCJsYWJlbCI6IklkIiwic2hvd0xpc3QiOjEsImluY2x1ZGVEb3dubG9hZCI6MSwicmVxdWlyZWQiOjF9LCJuYW1lIjp7InR5cGUiOiJUZXh0IiwibGFiZWwiOiJOYW1lIiwic2hvd0xpc3QiOjEsImluY2x1ZGVEb3dubG9hZCI6MSwicmVxdWlyZWQiOjEsImNvbmZpZyI6ImV5SjBlWEJsSWpvaWRHVjRkQ0lzSW0xaGVHeGxibWQwYUNJNklpSXNJbVJwYzJGaWJHVWlPbVpoYkhObExDSjBiMjlzZEdsd0lqb2lJaXdpZEc5dmJIUnBjRjlzWVc1blgzSmxabVZ5Wlc1alpTSTZabUZzYzJVc0luZHBaSFJvSWpvaUluMD0ifSwiZGVzY3JpcHRpb24iOnsidHlwZSI6IlRleHRBcmVhIiwibGFiZWwiOiJEZXNjcmlwdGlvbiIsInNob3dMaXN0IjoxLCJpbmNsdWRlRG93bmxvYWQiOjEsInJlcXVpcmVkIjowLCJjb25maWciOiJleUpsWkdsMGIzSWlPaUp1YjI1bElpd2lkMmxrZEdnaU9pSTBNREJ3ZUNJc0ltaGxhV2RvZENJNklqRXdNSEI0SWl3aWMzUjViR1Z6WDJOemN5STZJaUlzSW5SbGJYQnNZWFJsWDJ4cGMzUWlPaUlpZlE9PSJ9LCJmaWxlX3BhdGgiOnsidHlwZSI6IlRleHQiLCJsYWJlbCI6IkZpbGUgcGF0aCIsInNob3dMaXN0IjoxLCJpbmNsdWRlRG93bmxvYWQiOjEsInJlcXVpcmVkIjowLCJjb25maWciOiJleUowZVhCbElqb2lkR1Y0ZENJc0ltMWhlR3hsYm1kMGFDSTZJaUlzSW1ScGMyRmliR1VpT21aaGJITmxMQ0owYjI5c2RHbHdJam9pSWl3aWRHOXZiSFJwY0Y5c1lXNW5YM0psWm1WeVpXNWpaU0k2Wm1Gc2MyVXNJbmRwWkhSb0lqb2lJbjA9In0sInNjcmVlbiI6eyJ0eXBlIjoiRmlsZSIsImxhYmVsIjoiU2NyZWVuIiwic2hvd0xpc3QiOjEsImluY2x1ZGVEb3dubG9hZCI6MSwicmVxdWlyZWQiOjAsImNvbmZpZyI6ImV5Sm1iMnhrWlhJaU9pSnRaV1JwWVM5MWNHeHZZV1JmWm1sc1pYTWlMQ0oxYm1seGRXVmZibUZ0WlNJNk1Dd2ljMmh2ZDE5cGJXRm5aU0k2TVN3aVpHbHRaVzUwYVc5dVgzQnlhVzl5YVhSNUlqb2lhR1ZwWjJoMElpd2laR2x0Wlc1MGFXOXVYMmx0WVdkbElqb2lNVEF3SWl3aVpHOTNibXh2WVdSZlpXNWhZbXhsWkNJNk1Td2laR2x6WVdKc1pTSTZabUZzYzJVc0luUnZiMngwYVhBaU9pSWlMQ0owYjI5c2RHbHdYMnhoYm1kZmNtVm1aWEpsYm1ObElqcG1ZV3h6WlN3aWQybGtkR2dpT2lJaWZRPT0ifSwic2hvd19saXN0X2xpa2VfdHJlZSI6MCwic2hvd19saXN0X2xpa2VfdHJlZV9jb2x1bW4iOiJpZCIsInNob3dfbGlzdF9saWtlX3RyZWVfdmFsaWRhdGUiOiJpZCIsInNob3dfbGlzdF9saWtlX3RyZWVfaW5kaWNhdG9yIjoiaWQiLCJsYW5ndWFnZV9maWxlX3JlZmVyZW5jZSI6IiIsImN1c3RvbV90YWJsZV9uYW1lIjoiIiwiY3VzdG9tX3RhYmxlX25hbWVfbGFuZ3VhZ2VfcmVmZXJlbmNlIjowLCJvcmRlcl9ieSI6ImlkIiwib3JkZXJfYnlfb3JkZXIiOiJBU0MiLCJsaXN0X2xpbWl0IjoiIiwicHJpbWFyeV9rZXkiOiJpZCIsIm9wdGlvbl9wYW5lbCI6IiIsImluY2x1ZGVfZmlsZSI6IiJ9');
INSERT INTO `cu_tables` VALUES (35,'cu_permissions_data','eyJpZCI6eyJ0eXBlIjoiSWQiLCJsYWJlbCI6IklkIiwibGFuZ1JlZmVyZW5jZSI6MCwic2hvd0xpc3QiOjEsImluY2x1ZGVEb3dubG9hZCI6MSwicmVxdWlyZWQiOjF9LCJncm91cCI6eyJ0eXBlIjoiU2VsZWN0IiwibGFiZWwiOiJHcm91cCIsImxhbmdSZWZlcmVuY2UiOjAsInNob3dMaXN0IjoxLCJpbmNsdWRlRG93bmxvYWQiOjEsInJlcXVpcmVkIjowLCJjb25maWciOiJleUprWVhSaElqcDdJblJoWW14bFgyNWhiV1VpT2lKamRWOXdaWEp0YVhOemFXOXVjMTluY205MWNDSXNJbVJoZEdGZlkyOXNkVzF1SWpvaWFXUWlMQ0pzWVdKbGJGOWpiMngxYlc0aU9pSnVZVzFsSWl3aWQyaGxjbVZmWTI5c2RXMXVJam9pSWl3aWJtVnpkR1ZrWDJOdmJIVnRiaUk2SWlJc0luQmhjbVZ1ZEY5amIyeDFiVzRpT2lJaWZTd2laWGgwY21GUVlYSmhiWE1pT25zaWJHRnVaM1ZoWjJWZmNtVm1aWEpsYm1ObElqcG1ZV3h6WlN3aVlXUmtYMk4xYzNSdmJWOXBkR1Z0SWpvd0xDSmpkWE4wYjIxZlpHRjBZU0k2SWlJc0ltTjFjM1J2YlY5c1lXSmxiQ0k2SWlJc0luZHBaSFJvSWpvaUluMHNJblJ2YjJ4MGFYQWlPaUlpTENKMGIyOXNkR2x3WDJ4aGJtZGZjbVZtWlhKbGJtTmxJanBtWVd4elpYMD0ifSwicmVmZXJlbmNlIjp7InR5cGUiOiJUZXh0IiwibGFiZWwiOiJSZWZlcmVuY2UiLCJsYW5nUmVmZXJlbmNlIjowLCJzaG93TGlzdCI6MSwiaW5jbHVkZURvd25sb2FkIjoxLCJyZXF1aXJlZCI6MCwiY29uZmlnIjoiZXlKMGVYQmxJam9pZEdWNGRDSXNJbTFoZUd4bGJtZDBhQ0k2SWlJc0ltUnBjMkZpYkdVaU9tWmhiSE5sTENKMGIyOXNkR2x3SWpvaUlpd2lkRzl2YkhScGNGOXNZVzVuWDNKbFptVnlaVzVqWlNJNlptRnNjMlVzSW5kcFpIUm9Jam9pSWl3aVpHVm1ZWFZzZENJNklpSjkifSwiZGF0YSI6eyJ0eXBlIjoiVGV4dEFyZWEiLCJsYWJlbCI6IkRhdGEiLCJsYW5nUmVmZXJlbmNlIjowLCJzaG93TGlzdCI6MCwiaW5jbHVkZURvd25sb2FkIjoxLCJyZXF1aXJlZCI6MCwiY29uZmlnIjoiZXlKbFpHbDBiM0lpT2lKcWMyOXVaV1JwZEc5eUlpd2lkMmxrZEdnaU9pSTRNakZ3ZUNJc0ltaGxhV2RvZENJNklqSXhOM0I0SWl3aWMzUjViR1Z6WDJOemN5STZJaUlzSW5SbGJYQnNZWFJsWDJ4cGMzUWlPaUlpTENKbWIyeGtaWElpT2lKdFpXUnBZUzkxY0d4dllXUmZabWxzWlhNaUxDSmlZWE5sWHpZMFgyVnVZMjlrWlNJNmRISjFaWDA9In0sInNob3dfbGlzdF9saWtlX3RyZWUiOjAsInNob3dfbGlzdF9saWtlX3RyZWVfY29sdW1uIjoiaWQiLCJzaG93X2xpc3RfbGlrZV90cmVlX3ZhbGlkYXRlIjoiaWQiLCJzaG93X2xpc3RfbGlrZV90cmVlX2luZGljYXRvciI6ImlkIiwibGFuZ3VhZ2VfZmlsZV9yZWZlcmVuY2UiOiIiLCJjdXN0b21fdGFibGVfbmFtZSI6IiIsImN1c3RvbV90YWJsZV9uYW1lX2xhbmd1YWdlX3JlZmVyZW5jZSI6MCwib3JkZXJfYnkiOiJpZCIsIm9yZGVyX2J5X29yZGVyIjoiQVNDIiwibGlzdF9saW1pdCI6IiIsInByaW1hcnlfa2V5IjoiaWQiLCJvcHRpb25fcGFuZWwiOiIiLCJpbmNsdWRlX2ZpbGUiOiJXMTA9In0=');
INSERT INTO `cu_tables` VALUES (36,'cu_language_rich_content','eyJpZCI6eyJ0eXBlIjoiSWQiLCJsYWJlbCI6IklkIiwic2hvd0xpc3QiOjEsImluY2x1ZGVEb3dubG9hZCI6MSwicmVxdWlyZWQiOjF9LCJsYWJlbCI6eyJ0eXBlIjoiVGV4dCIsImxhYmVsIjoiTGFiZWwiLCJzaG93TGlzdCI6MSwiaW5jbHVkZURvd25sb2FkIjoxLCJyZXF1aXJlZCI6MSwiY29uZmlnIjoiZXlKMGVYQmxJam9pZEdWNGRDSXNJbTFoZUd4bGJtZDBhQ0k2SWlJc0luUnZiMngwYVhBaU9pSWlMQ0ozYVdSMGFDSTZJaUlzSW1SbFptRjFiSFFpT2lJaWZRPT0ifSwiY29udGVudCI6eyJ0eXBlIjoiVGV4dEFyZWEiLCJsYWJlbCI6IkNvbnRlbnQiLCJzaG93TGlzdCI6MCwiaW5jbHVkZURvd25sb2FkIjowLCJyZXF1aXJlZCI6MCwiY29uZmlnIjoiZXlKbFpHbDBiM0lpT2lKMGFXNTViV05sSWl3aWQybGtkR2dpT2lJMU9UQndlQ0lzSW1obGFXZG9kQ0k2SWpRd01IQjRJaXdpYzNSNWJHVnpYMk56Y3lJNklpSXNJblJsYlhCc1lYUmxYMnhwYzNRaU9pSWlMQ0ptYjJ4a1pYSWlPaUp0WldScFlTOTFjR3h2WVdSZlptbHNaWE1pTENKaVlYTmxYelkwWDJWdVkyOWtaU0k2Wm1Gc2MyVjkifSwibGFuZ3VhZ2UiOnsidHlwZSI6Ikxhbmd1YWdlX1NlbGVjdG9yIiwibGFiZWwiOiJMYW5ndWFnZSIsInNob3dMaXN0IjoxLCJpbmNsdWRlRG93bmxvYWQiOjEsInJlcXVpcmVkIjowfSwic2hvd19saXN0X2xpa2VfdHJlZSI6MCwic2hvd19saXN0X2xpa2VfdHJlZV9jb2x1bW4iOiJpZCIsInNob3dfbGlzdF9saWtlX3RyZWVfdmFsaWRhdGUiOiJpZCIsInNob3dfbGlzdF9saWtlX3RyZWVfaW5kaWNhdG9yIjoiaWQiLCJsYW5ndWFnZV9maWxlX3JlZmVyZW5jZSI6IiIsImN1c3RvbV90YWJsZV9uYW1lIjoiIiwiY3VzdG9tX3RhYmxlX25hbWVfbGFuZ3VhZ2VfcmVmZXJlbmNlIjowLCJvcmRlcl9ieSI6ImlkIiwib3JkZXJfYnlfb3JkZXIiOiJBU0MiLCJsaXN0X2xpbWl0IjoiIiwicHJpbWFyeV9rZXkiOiJpZCIsIm9wdGlvbl9wYW5lbCI6IiIsImluY2x1ZGVfZmlsZSI6IiJ9');
DROP TABLE IF EXISTS `cu_tables_log`;
CREATE TABLE `cu_tables_log` (
  `id` int(11) NOT NULL AUTO_INCREMENT,
  `user_id_creator` int(11) DEFAULT NULL,
  `user_id_update` int(11) DEFAULT NULL,
  `table_name` varchar(100) NOT NULL DEFAULT '',
  `reference_id` int(11) DEFAULT NULL,
  `date_registered` datetime DEFAULT NULL,
  `date_update` datetime DEFAULT NULL,
  `user_id_updating` int(11) DEFAULT NULL,
  `date_updating` datetime DEFAULT NULL,
  `deleted` int(11) DEFAULT NULL,
  PRIMARY KEY (`id`),
  UNIQUE KEY `table_name_UNIQUE` (`table_name`,`reference_id`)
) ENGINE=InnoDB AUTO_INCREMENT=58 DEFAULT CHARSET=utf8;

INSERT INTO `cu_tables_log` VALUES (1,NULL,NULL,'cu_users',1,NULL,NULL,1,'2015-03-10 09:58:57',NULL);
INSERT INTO `cu_tables_log` VALUES (10,1,1,'cu_views',2,'2015-03-10 17:25:52','2015-03-10 17:25:52',NULL,'0000-00-00 00:00:00',NULL);
INSERT INTO `cu_tables_log` VALUES (13,NULL,NULL,'cu_views',1,NULL,NULL,1,'2015-03-10 17:27:48',NULL);
INSERT INTO `cu_tables_log` VALUES (18,1,1,'cu_language_rich_content',1,'2015-03-11 13:01:29','2015-03-11 13:01:29',NULL,'0000-00-00 00:00:00',NULL);
INSERT INTO `cu_tables_log` VALUES (56,NULL,NULL,'cu_menus',3,NULL,NULL,1,'2015-03-11 13:18:03',NULL);
DROP TABLE IF EXISTS `cu_user_groups`;
CREATE TABLE `cu_user_groups` (
  `id` int(11) NOT NULL AUTO_INCREMENT,
  `name` varchar(45) NOT NULL,
  `site_login` int(11) NOT NULL DEFAULT '1',
  `admin_login` int(11) NOT NULL DEFAULT '0',
  `super_admin_login` int(11) NOT NULL DEFAULT '0',
  `enabled` int(11) NOT NULL DEFAULT '1',
  PRIMARY KEY (`id`)
) ENGINE=InnoDB AUTO_INCREMENT=5 DEFAULT CHARSET=utf8;

INSERT INTO `cu_user_groups` VALUES (1,'Super admin',1,1,1,1);
INSERT INTO `cu_user_groups` VALUES (2,'Admin',1,1,0,1);
INSERT INTO `cu_user_groups` VALUES (3,'User',1,0,0,1);
INSERT INTO `cu_user_groups` VALUES (4,'Unregistered',0,0,0,1);
DROP TABLE IF EXISTS `cu_users`;
CREATE TABLE `cu_users` (
  `id` int(11) NOT NULL AUTO_INCREMENT,
  `name` varchar(45) NOT NULL,
  `email` varchar(45) NOT NULL,
  `username` varchar(100) NOT NULL DEFAULT '',
  `password` varchar(500) NOT NULL DEFAULT '',
  `image` varchar(255) DEFAULT NULL,
  `user_group_id` int(11) NOT NULL,
  `enabled` int(11) NOT NULL DEFAULT '1',
  `date_registered` date DEFAULT NULL,
  PRIMARY KEY (`id`),
  UNIQUE KEY `username` (`username`)
) ENGINE=InnoDB AUTO_INCREMENT=3 DEFAULT CHARSET=utf8;

INSERT INTO `cu_users` VALUES (1,'Administrator','tufik.chediak@cloudbitinteractive.com','admin','d033e22ae348aeb5660fc2140aec35850c4da997075a00d871f700bb6eb4ddf30224e08e423c72f6','media/user_images/default.jpg',1,1,'2015-03-10');
DROP TABLE IF EXISTS `cu_views`;
CREATE TABLE `cu_views` (
  `id` int(11) NOT NULL AUTO_INCREMENT,
  `name` varchar(255) DEFAULT NULL,
  `description` text,
  `file_path` varchar(255) DEFAULT NULL,
  `screen` varchar(255) DEFAULT NULL,
  PRIMARY KEY (`id`)
) ENGINE=InnoDB AUTO_INCREMENT=3 DEFAULT CHARSET=utf8;

INSERT INTO `cu_views` VALUES (1,'Default','This is the default view','','');
INSERT INTO `cu_views` VALUES (2,'test','test','','');